Keyword,Lingua,Ext,Localcode,Vol.,URL,Priorita,Tags,Note
liberatingstructures,it,.it,,2900,https://liberating.it/,alta,brand,"Vol 2900, pos 2"
liberating structures,it,.it,,140,https://liberating.it/,alta,brand,"Vol 140, pos 2"
liberating structures italiano,it,.it,,,https://liberating.it/,alta,brand,"Intent IT, GEO"
strutture liberatrici,it,.it,,,https://liberating.it/,media,brand,Variante IT brand
liberating structures cos'è,it,.it,,,https://liberating.it/,alta,brand,FAQ / AI Overview
liberating structures esempi,it,.it,,,https://liberating.it/,media,brand,Intent esempi
liberating structures workshop,it,.it,,,https://liberating.it/,media,brand,Use case
liberating structures principi,it,.it,,,https://liberating.it/10-principi-fondamentali-liberating-structures/,media,brand,Pagina principi
10 principi liberating structures,it,.it,,,https://liberating.it/10-principi-fondamentali-liberating-structures/,media,editoriale,Long-tail principi
microstrutture facilitazione,it,.it,,,https://liberating.it/,media,editoriale,Concetto LS
string liberating structures,it,.it,,,https://liberating.it/,media,editoriale,Concetto LS
certificazione facilitatore liberating structures,it,.it,,,https://liberating.it/,media,brand,Intent commerciale
1 2 4 all,it,.it,,320,https://liberating.it/structures/1-2-4-all/,alta,struttura,"Vol 320, pos 1"
1-2-4-all,it,.it,,,https://liberating.it/structures/1-2-4-all/,alta,struttura,Variante trattino
one two four all,it,.it,,10,https://liberating.it/structures/1-2-4-all/,media,struttura,Variante EN
1 2 4 method,it,.it,,10,https://liberating.it/structures/1-2-4-all/,media,struttura,Opp 91
2 4 1,it,.it,,40,https://liberating.it/structures/1-2-4-all/,media,struttura,Variante numerica
icebreaker riunione,it,.it,,,https://liberating.it/structures/1-2-4-all/,media,struttura,Use case IT
icebreaker team,it,.it,,,https://liberating.it/structures/1-2-4-all/,media,struttura,Use case
together drawings,it,.it,,880,https://liberating.it/structures/drawing-together/,alta,struttura,"Vol 880, pos 3"
drawing together liberating structures,it,.it,,,https://liberating.it/structures/drawing-together/,media,struttura,Long-tail
open space technology,it,.it,,210,https://liberating.it/structures/open-space-technology-ost/,alta,struttura,"Vol 210, pos 11"
metodologia open space,it,.it,,10,https://liberating.it/structures/open-space-technology-ost/,alta,struttura,Opp 85
open space liberating structures,it,.it,,,https://liberating.it/structures/open-space-technology-ost/,media,struttura,Long-tail
ost,it,.it,,,https://liberating.it/structures/open-space-technology-ost/,media,struttura,Vol 2400 competitor
ost open space,it,.it,,,https://liberating.it/structures/open-space-technology-ost/,media,struttura,Abbreviazione
What So What Now What,it,.it,,140,https://liberating.it/structures/w3-what-so-what-now-what/,alta,struttura,"Vol 140, pos 30, opp 91"
what so what now what liberating structures,it,.it,,,https://liberating.it/structures/w3-what-so-what-now-what/,media,struttura,Long-tail W3
liberating structures what so what now what,it,.it,,10,https://liberating.it/structures/w3-what-so-what-now-what/,media,struttura,Long-tail
webbing,it,.it,,210,https://liberating.it/structures/social-network-webbing/,alta,struttura,"Vol 210, pos 12"
social network webbing,it,.it,,,https://liberating.it/structures/social-network-webbing/,media,struttura,Nome completo
25 10 crowdsourcing,it,.it,,50,https://liberating.it/structures/25-10-crowd-sourcing/,alta,struttura,"Vol 50, pos 2"
25 10 crowd sourcing,it,.it,,,https://liberating.it/structures/25-10-crowd-sourcing/,media,struttura,Variante spelling
liberating structures triz,it,.it,,50,https://liberating.it/structures/triz/,alta,struttura,"Vol 50, pos 3"
triz liberating structures,it,.it,,50,https://liberating.it/structures/triz/,alta,struttura,Opp 87
triz metodo,it,.it,,,https://liberating.it/structures/triz/,media,struttura,Variante IT
9 windows triz,it,.it,,10,https://liberating.it/structures/triz/,media,struttura,Opp 85
shift and share,it,.it,,30,https://liberating.it/structures/shift-share/,alta,struttura,"Vol 30, pos 10"
troika consulting,it,.it,,10,https://liberating.it/structures/troika-consulting/,alta,struttura,Pos 4
troika liberating structures,it,.it,,10,https://liberating.it/structures/troika-consulting/,media,struttura,Long-tail
eco cycle planning,it,.it,,90,https://liberating.it/structures/ecocycle-planning/,alta,struttura,"Vol 90, pos 5"
ecocycle liberating structures,it,.it,,10,https://liberating.it/structures/ecocycle-planning/,media,struttura,Long-tail
wicked question,it,.it,,20,https://liberating.it/structures/wicked-questions/,alta,struttura,Pos 3
wicked questions liberating structures,it,.it,,10,https://liberating.it/structures/wicked-questions/,media,struttura,Long-tail
conversation cafe liberating structures,it,.it,,10,https://liberating.it/structures/conversation-cafe/,media,struttura,Opp 88
conversation cafe,it,.it,,,https://liberating.it/structures/conversation-cafe/,media,struttura,Nome base
discovery and action dialogue,it,.it,,10,https://liberating.it/structures/discovery-action-dialogue-dad/,media,struttura,Opp 64
discovery action dialogue,it,.it,,,https://liberating.it/structures/discovery-action-dialogue-dad/,media,struttura,Variante nome
9 whys liberating structures,it,.it,,10,https://liberating.it/structures/9-whys/,media,struttura,Opp 88
5 perche,it,.it,,,https://liberating.it/structures/9-whys/,media,struttura,"Vol 210 IT, pos 101"
min specs liberating structures,it,.it,,10,https://liberating.it/structures/min-specs/,media,struttura,Opp 89
heard seen respected,it,.it,,10,https://liberating.it/structures/heard-seen-respected-hsr/,media,struttura,Pos 5
fishbowl liberating structures,it,.it,,10,https://liberating.it/structures/user-experience-fishbowl/,media,struttura,Opp 89
panarchy,it,.it,,20,https://liberating.it/structures/panarchy/,media,struttura,Pos 9
purpose to practice,it,.it,,,https://liberating.it/structures/purpose-to-practice-p2p/,media,struttura,Scheda P2P
1-2-4-all per workshop aziendali,it,.it,,,https://liberating.it/structures/purpose-to-practice-p2p/,media,struttura,Long-tail IT
agreement certainty matrix,it,.it,,,https://liberating.it/structures/agreement-certainty-matrix/,bassa,struttura,Scheda nuova
wise crowds,it,.it,,,https://liberating.it/structures/wise-crowds/,bassa,struttura,Scheda
simple ethnography,it,.it,,,https://liberating.it/structures/simple-ethnography/,bassa,struttura,Scheda
appreciative interviews,it,.it,,,https://liberating.it/structures/appreciative-interviews-ai/,bassa,struttura,Scheda
integrated autonomy,it,.it,,,https://liberating.it/structures/integrated-autonomy/,bassa,struttura,Scheda
impromptu networking,it,.it,,,https://liberating.it/structures/impromptu-networking/,bassa,struttura,Scheda
improv prototyping,it,.it,,,https://liberating.it/structures/improv-prototyping/,bassa,struttura,Scheda
facilitazione,it,.it,,,https://liberating.it/,alta,gap-it,"Vol 1600, pos 101"
tecniche di facilitazione,it,.it,,,https://liberating.it/,alta,gap-it,Opp 65 ContentGap AI
facilitazione workshop,it,.it,,,https://liberating.it/,media,gap-it,Intent pratico
facilitazione riunioni,it,.it,,,https://liberating.it/,alta,gap-it,Intent manager
facilitazione remota,it,.it,,,https://liberating.it/,media,gap-it,Competitor agilemadeinitaly
world cafe,it,.it,,,https://liberating.it/,alta,gap-it,"Vol 480, competitor loci"
dinamiche di gruppo,it,.it,,,https://liberating.it/,media,gap-it,"Vol 480, pos 101"
riunioni,it,.it,,,https://liberating.it/,media,gap-it,Vol 210
riunioni efficaci,it,.it,,,https://liberating.it/,alta,gap-it,Intent manager
intelligenza collettiva,it,.it,,,https://liberating.it/,media,gap-it,Vol 390
partecipazione attiva,it,.it,,,https://liberating.it/,media,gap-it,Vol 390
apprendimento esperienziale,it,.it,,,https://liberating.it/,media,gap-it,Vol 480
crowd sourcing,it,.it,,,https://liberating.it/,media,gap-it,Vol 1300
triz,it,.it,,,https://liberating.it/,media,gap-it,"Vol 480, competitor agileway"
retrospettiva agile,it,.it,,,https://liberating.it/,media,gap-it,"Vol 70, opp 71"
retrospettiva team,it,.it,,,https://liberating.it/,media,gap-it,Use case agile
design thinking workshop,it,.it,,,https://liberating.it/,bassa,gap-it,Adjacente LS
workshop facilitazione,it,.it,,,https://liberating.it/,media,gap-it,Intent IT
metodi partecipativi,it,.it,,,https://liberating.it/,media,gap-it,Cluster tematico
riunioni partecipative,it,.it,,,https://liberating.it/,media,gap-it,Intent IT
liberating structures difficoltà,it,.it,,,https://liberating.it/difficolta/intermedia/,media,hub,Hub difficoltà
liberating structures facili,it,.it,,,https://liberating.it/difficolta/facile/,media,hub,Hub facile
liberating structures per team,it,.it,,,https://liberating.it/complessita/team-rodati/,media,hub,Hub complessità
