URL,Traffico,Keyword,Menzioni AI
https://liberating.it/difficolta/intermedia/,0,7,0
https://liberating.it/structures/shift-share/,1,4,0
https://liberating.it/structures/1-2-4-all/,52,4,0
https://liberating.it/structures/triz/,17,4,0
https://liberating.it/,477,4,0
https://liberating.it/complessita/team-rodati/,0,3,0
https://liberating.it/structures/ecocycle-planning/,5,3,0
https://liberating.it/structures/w3-what-so-what-now-what/,1,3,0
https://liberating.it/structures/wicked-questions/,2,3,0
https://liberating.it/structures/open-space-technology-ost/,0,3,0
https://liberating.it/structures/social-network-webbing/,0,2,0
https://liberating.it/difficolta/intermedia/page/2/,0,2,0
https://liberating.it/structures/discovery-action-dialogue-dad/,1,2,0
https://liberating.it/structures/9-whys/,2,2,0
https://liberating.it/structures/troika-consulting/,5,2,0
https://liberating.it/structures/15-solutions/,0,1,0
https://liberating.it/structures/conversation-cafe/,2,1,0
https://liberating.it/structures/user-experience-fishbowl/,0,1,0
https://liberating.it/structures/drawing-together/,89,1,0
https://liberating.it/structures/min-specs/,1,1,0
https://liberating.it/structures/25-10-crowd-sourcing/,8,1,0
https://liberating.it/10-principi-fondamentali-liberating-structures/,0,1,0
https://liberating.it/structures/panarchy/,0,1,0
https://liberating.it/structures/heard-seen-respected-hsr/,0,1,0
https://liberating.it/structures/purpose-to-practice-p2p/,0,0,0
https://liberating.it/complessita/iniziare-subito/,0,0,0
https://liberating.it/difficolta/facile/,0,0,0
https://liberating.it/durata/media/,0,0,0