URL,H1 Text,Internal HTML,Length,Found in
https://liberating.it/structures/1-2-4-all/,1-2-4-All,,,https://liberating.it/
https://liberating.it/structures/15-solutions/,15% Solutions,,,https://liberating.it/
https://liberating.it/structures/25-10-crowd-sourcing/,25/10 Crowd Sourcing,,,https://liberating.it/10-principi-fondamentali-liberating-structures/
https://liberating.it/structures/4-2-1-storming/,4-2-1-Storming,,,https://liberating.it/per-bisogno/generare-idee/
https://liberating.it/structures/9-whys/,9 Whys,,,https://liberating.it/10-principi-fondamentali-liberating-structures/
https://liberating.it/structures/agreement-certainty-matrix/,Agreement & Certainty Matrix,,,https://liberating.it/structures/
https://liberating.it/per-bisogno/analizzare-problemi/,Analizzare problemi,,,https://liberating.it/
https://liberating.it/structures/appreciative-interviews-ai/,Appreciative Interviews (AI),,,https://liberating.it/10-principi-fondamentali-liberating-structures/
https://liberating.it/durata/breve/,Breve (max 45 min),,,https://liberating.it/per-bisogno/generare-idee/
https://liberating.it/,"Cambia il modo in cui il tuo team lavora, decide e crea",,
https://liberating.it/design-thinking/design-thinking-cycle/,"Cambia il modo in cui il tuo team lavora, decide e crea",,,https://liberating.it/structures/panarchy/
https://liberating.it/design-thinking/design-thinking-cycle/structures/,"Cambia il modo in cui il tuo team lavora, decide e crea",,,https://liberating.it/design-thinking/design-thinking-cycle/
https://liberating.it/design-thinking/design-thinking-cycle/per-bisogno/generare-idee/,"Cambia il modo in cui il tuo team lavora, decide e crea",,,https://liberating.it/design-thinking/design-thinking-cycle/
https://liberating.it/design-thinking/design-thinking-cycle/structures/1-2-4-all/,"Cambia il modo in cui il tuo team lavora, decide e crea",,,https://liberating.it/design-thinking/design-thinking-cycle/
https://liberating.it/design-thinking/design-thinking-cycle/structures/impromptu-networking/,"Cambia il modo in cui il tuo team lavora, decide e crea",,,https://liberating.it/design-thinking/design-thinking-cycle/
https://liberating.it/design-thinking/design-thinking-cycle/per-bisogno/prendere-decisioni/,"Cambia il modo in cui il tuo team lavora, decide e crea",,,https://liberating.it/design-thinking/design-thinking-cycle/
https://liberating.it/design-thinking/design-thinking-cycle/structures/15-solutions/,"Cambia il modo in cui il tuo team lavora, decide e crea",,,https://liberating.it/design-thinking/design-thinking-cycle/
https://liberating.it/design-thinking/design-thinking-cycle/10-principi-fondamentali-liberating-structures/,"Cambia il modo in cui il tuo team lavora, decide e crea",,,https://liberating.it/design-thinking/design-thinking-cycle/
https://liberating.it/design-thinking/design-thinking-cycle/structures/w3-what-so-what-now-what/,"Cambia il modo in cui il tuo team lavora, decide e crea",,,https://liberating.it/design-thinking/design-thinking-cycle/
https://liberating.it/design-thinking/design-thinking-cycle/termini-di-servizio/,"Cambia il modo in cui il tuo team lavora, decide e crea",,,https://liberating.it/design-thinking/design-thinking-cycle/
https://liberating.it/design-thinking/design-thinking-cycle/structures/complessita/iniziare-subito/,"Cambia il modo in cui il tuo team lavora, decide e crea",,,https://liberating.it/design-thinking/design-thinking-cycle/structures/
https://liberating.it/design-thinking/design-thinking-cycle/per-bisogno/,"Cambia il modo in cui il tuo team lavora, decide e crea",,,https://liberating.it/design-thinking/design-thinking-cycle/
https://liberating.it/design-thinking/design-thinking-cycle/per-bisogno/generare-idee/structures/,"Cambia il modo in cui il tuo team lavora, decide e crea",,,https://liberating.it/design-thinking/design-thinking-cycle/per-bisogno/generare-idee/
https://liberating.it/design-thinking/design-thinking-cycle/structures/per-bisogno/fare-strategia/,"Cambia il modo in cui il tuo team lavora, decide e crea",,,https://liberating.it/design-thinking/design-thinking-cycle/structures/
https://liberating.it/design-thinking/design-thinking-cycle/per-bisogno/generare-idee/termini-di-servizio/,"Cambia il modo in cui il tuo team lavora, decide e crea",,,https://liberating.it/design-thinking/design-thinking-cycle/per-bisogno/generare-idee/
https://liberating.it/design-thinking/design-thinking-cycle/structures/structures/w3-what-so-what-now-what/,"Cambia il modo in cui il tuo team lavora, decide e crea",,,https://liberating.it/design-thinking/design-thinking-cycle/structures/
https://liberating.it/design-thinking/design-thinking-cycle/structures/structures/heard-seen-respected-hsr/,"Cambia il modo in cui il tuo team lavora, decide e crea",,,https://liberating.it/design-thinking/design-thinking-cycle/structures/
https://liberating.it/design-thinking/design-thinking-cycle/structures/impromptu-networking/privacy-policy/,"Cambia il modo in cui il tuo team lavora, decide e crea",,,https://liberating.it/design-thinking/design-thinking-cycle/structures/impromptu-networking/
https://liberating.it/design-thinking/design-thinking-cycle/structures/impromptu-networking/structures/,"Cambia il modo in cui il tuo team lavora, decide e crea",,,https://liberating.it/design-thinking/design-thinking-cycle/structures/impromptu-networking/
https://liberating.it/design-thinking/design-thinking-cycle/per-bisogno/analizzare-problemi/,"Cambia il modo in cui il tuo team lavora, decide e crea",,,https://liberating.it/design-thinking/design-thinking-cycle/
https://liberating.it/design-thinking/design-thinking-cycle/privacy-policy/,"Cambia il modo in cui il tuo team lavora, decide e crea",,,https://liberating.it/design-thinking/design-thinking-cycle/
https://liberating.it/design-thinking/design-thinking-cycle/structures/impromptu-networking/structures/15-solutions/,"Cambia il modo in cui il tuo team lavora, decide e crea",,,https://liberating.it/design-thinking/design-thinking-cycle/structures/impromptu-networking/
https://liberating.it/design-thinking/design-thinking-cycle/per-bisogno/prendere-decisioni/structures/impromptu-networking/,"Cambia il modo in cui il tuo team lavora, decide e crea",,,https://liberating.it/design-thinking/design-thinking-cycle/per-bisogno/prendere-decisioni/
https://liberating.it/design-thinking/design-thinking-cycle/structures/impromptu-networking/structures/w3-what-so-what-now-what/,"Cambia il modo in cui il tuo team lavora, decide e crea",,,https://liberating.it/design-thinking/design-thinking-cycle/structures/impromptu-networking/
https://liberating.it/design-thinking/design-thinking-cycle/per-bisogno/prendere-decisioni/structures/heard-seen-respected-hsr/,"Cambia il modo in cui il tuo team lavora, decide e crea",,,https://liberating.it/design-thinking/design-thinking-cycle/per-bisogno/prendere-decisioni/
https://liberating.it/design-thinking/design-thinking-cycle/per-bisogno/generare-idee/per-bisogno/fare-strategia/,"Cambia il modo in cui il tuo team lavora, decide e crea",,,https://liberating.it/design-thinking/design-thinking-cycle/per-bisogno/generare-idee/
https://liberating.it/design-thinking/design-thinking-cycle/per-bisogno/generare-idee/structures/impromptu-networking/,"Cambia il modo in cui il tuo team lavora, decide e crea",,,https://liberating.it/design-thinking/design-thinking-cycle/per-bisogno/generare-idee/
https://liberating.it/design-thinking/design-thinking-cycle/structures/1-2-4-all/complessita/iniziare-subito/,"Cambia il modo in cui il tuo team lavora, decide e crea",,,https://liberating.it/design-thinking/design-thinking-cycle/structures/1-2-4-all/
https://liberating.it/design-thinking/design-thinking-cycle/per-bisogno/prendere-decisioni/structures/1-2-4-all/,"Cambia il modo in cui il tuo team lavora, decide e crea",,,https://liberating.it/design-thinking/design-thinking-cycle/per-bisogno/prendere-decisioni/
https://liberating.it/design-thinking/design-thinking-cycle/structures/15-solutions/per-bisogno/generare-idee/,"Cambia il modo in cui il tuo team lavora, decide e crea",,,https://liberating.it/design-thinking/design-thinking-cycle/structures/15-solutions/
https://liberating.it/design-thinking/design-thinking-cycle/termini-di-servizio/privacy-policy/,"Cambia il modo in cui il tuo team lavora, decide e crea",,,https://liberating.it/design-thinking/design-thinking-cycle/termini-di-servizio/
https://liberating.it/design-thinking/design-thinking-cycle/structures/impromptu-networking/per-bisogno/analizzare-problemi/,"Cambia il modo in cui il tuo team lavora, decide e crea",,,https://liberating.it/design-thinking/design-thinking-cycle/structures/impromptu-networking/
https://liberating.it/design-thinking/design-thinking-cycle/structures/15-solutions/per-bisogno/analizzare-problemi/,"Cambia il modo in cui il tuo team lavora, decide e crea",,,https://liberating.it/design-thinking/design-thinking-cycle/structures/15-solutions/
https://liberating.it/design-thinking/design-thinking-cycle/structures/per-bisogno/,"Cambia il modo in cui il tuo team lavora, decide e crea",,,https://liberating.it/design-thinking/design-thinking-cycle/structures/
https://liberating.it/design-thinking/design-thinking-cycle/structures/15-solutions/per-bisogno/prendere-decisioni/,"Cambia il modo in cui il tuo team lavora, decide e crea",,,https://liberating.it/design-thinking/design-thinking-cycle/structures/15-solutions/
https://liberating.it/design-thinking/design-thinking-cycle/structures/1-2-4-all/per-bisogno/fare-strategia/,"Cambia il modo in cui il tuo team lavora, decide e crea",,,https://liberating.it/design-thinking/design-thinking-cycle/structures/1-2-4-all/
https://liberating.it/design-thinking/design-thinking-cycle/structures/complessita/iniziare-subito/structures/,"Cambia il modo in cui il tuo team lavora, decide e crea",,,https://liberating.it/design-thinking/design-thinking-cycle/structures/complessita/iniziare-subito/
https://liberating.it/design-thinking/design-thinking-cycle/structures/impromptu-networking/per-bisogno/fare-strategia/,"Cambia il modo in cui il tuo team lavora, decide e crea",,,https://liberating.it/design-thinking/design-thinking-cycle/structures/impromptu-networking/
https://liberating.it/design-thinking/design-thinking-cycle/structures/complessita/iniziare-subito/10-principi-fondamentali-liberating-structures/,"Cambia il modo in cui il tuo team lavora, decide e crea",,,https://liberating.it/design-thinking/design-thinking-cycle/structures/complessita/iniziare-subito/
https://liberating.it/design-thinking/design-thinking-cycle/termini-di-servizio/termini-di-servizio/,"Cambia il modo in cui il tuo team lavora, decide e crea",,,https://liberating.it/design-thinking/design-thinking-cycle/termini-di-servizio/
https://liberating.it/design-thinking/design-thinking-cycle/structures/1-2-4-all/per-bisogno/generare-idee/,"Cambia il modo in cui il tuo team lavora, decide e crea",,,https://liberating.it/design-thinking/design-thinking-cycle/structures/1-2-4-all/
https://liberating.it/design-thinking/design-thinking-cycle/per-bisogno/structures/1-2-4-all/,"Cambia il modo in cui il tuo team lavora, decide e crea",,,https://liberating.it/design-thinking/design-thinking-cycle/per-bisogno/
https://liberating.it/design-thinking/design-thinking-cycle/per-bisogno/complessita/iniziare-subito/,"Cambia il modo in cui il tuo team lavora, decide e crea",,,https://liberating.it/design-thinking/design-thinking-cycle/per-bisogno/
https://liberating.it/design-thinking/design-thinking-cycle/per-bisogno/generare-idee/termini-di-servizio/structures/15-solutions/,"Cambia il modo in cui il tuo team lavora, decide e crea",,,https://liberating.it/design-thinking/design-thinking-cycle/per-bisogno/generare-idee/termini-di-servizio/
https://liberating.it/design-thinking/design-thinking-cycle/per-bisogno/generare-idee/termini-di-servizio/per-bisogno/generare-idee/,"Cambia il modo in cui il tuo team lavora, decide e crea",,,https://liberating.it/design-thinking/design-thinking-cycle/per-bisogno/generare-idee/termini-di-servizio/
https://liberating.it/design-thinking/design-thinking-cycle/per-bisogno/generare-idee/structures/w3-what-so-what-now-what/,"Cambia il modo in cui il tuo team lavora, decide e crea",,,https://liberating.it/design-thinking/design-thinking-cycle/per-bisogno/generare-idee/
https://liberating.it/design-thinking/design-thinking-cycle/structures/structures/impromptu-networking/,"Cambia il modo in cui il tuo team lavora, decide e crea",,,https://liberating.it/design-thinking/design-thinking-cycle/structures/
https://liberating.it/design-thinking/design-thinking-cycle/per-bisogno/per-bisogno/generare-idee/,"Cambia il modo in cui il tuo team lavora, decide e crea",,,https://liberating.it/design-thinking/design-thinking-cycle/per-bisogno/
https://liberating.it/design-thinking/design-thinking-cycle/per-bisogno/privacy-policy/,"Cambia il modo in cui il tuo team lavora, decide e crea",,,https://liberating.it/design-thinking/design-thinking-cycle/per-bisogno/
https://liberating.it/design-thinking/design-thinking-cycle/per-bisogno/generare-idee/structures/termini-di-servizio/,"Cambia il modo in cui il tuo team lavora, decide e crea",,,https://liberating.it/design-thinking/design-thinking-cycle/per-bisogno/generare-idee/structures/
https://liberating.it/design-thinking/design-thinking-cycle/per-bisogno/generare-idee/termini-di-servizio/per-bisogno/,"Cambia il modo in cui il tuo team lavora, decide e crea",,,https://liberating.it/design-thinking/design-thinking-cycle/per-bisogno/generare-idee/termini-di-servizio/
https://liberating.it/design-thinking/design-thinking-cycle/per-bisogno/prendere-decisioni/structures/15-solutions/,"Cambia il modo in cui il tuo team lavora, decide e crea",,,https://liberating.it/design-thinking/design-thinking-cycle/per-bisogno/prendere-decisioni/
https://liberating.it/design-thinking/design-thinking-cycle/per-bisogno/prendere-decisioni/complessita/iniziare-subito/,"Cambia il modo in cui il tuo team lavora, decide e crea",,,https://liberating.it/design-thinking/design-thinking-cycle/per-bisogno/prendere-decisioni/
https://liberating.it/design-thinking/design-thinking-cycle/structures/impromptu-networking/10-principi-fondamentali-liberating-structures/,"Cambia il modo in cui il tuo team lavora, decide e crea",,,https://liberating.it/design-thinking/design-thinking-cycle/structures/impromptu-networking/
https://liberating.it/design-thinking/design-thinking-cycle/structures/w3-what-so-what-now-what/per-bisogno/analizzare-problemi/,"Cambia il modo in cui il tuo team lavora, decide e crea",,,https://liberating.it/design-thinking/design-thinking-cycle/structures/w3-what-so-what-now-what/
https://liberating.it/design-thinking/design-thinking-cycle/per-bisogno/prendere-decisioni/10-principi-fondamentali-liberating-structures/,"Cambia il modo in cui il tuo team lavora, decide e crea",,,https://liberating.it/design-thinking/design-thinking-cycle/per-bisogno/prendere-decisioni/
https://liberating.it/design-thinking/design-thinking-cycle/structures/15-solutions/structures/1-2-4-all/,"Cambia il modo in cui il tuo team lavora, decide e crea",,,https://liberating.it/design-thinking/design-thinking-cycle/structures/15-solutions/
https://liberating.it/design-thinking/design-thinking-cycle/structures/structures/,"Cambia il modo in cui il tuo team lavora, decide e crea",,,https://liberating.it/design-thinking/design-thinking-cycle/structures/
https://liberating.it/design-thinking/design-thinking-cycle/structures/w3-what-so-what-now-what/per-bisogno/,"Cambia il modo in cui il tuo team lavora, decide e crea",,,https://liberating.it/design-thinking/design-thinking-cycle/structures/w3-what-so-what-now-what/
https://liberating.it/design-thinking/design-thinking-cycle/structures/w3-what-so-what-now-what/complessita/iniziare-subito/,"Cambia il modo in cui il tuo team lavora, decide e crea",,,https://liberating.it/design-thinking/design-thinking-cycle/structures/w3-what-so-what-now-what/
https://liberating.it/design-thinking/design-thinking-cycle/10-principi-fondamentali-liberating-structures/per-bisogno/prendere-decisioni/,"Cambia il modo in cui il tuo team lavora, decide e crea",,,https://liberating.it/design-thinking/design-thinking-cycle/10-principi-fondamentali-liberating-structures/
https://liberating.it/design-thinking/design-thinking-cycle/10-principi-fondamentali-liberating-structures/privacy-policy/,"Cambia il modo in cui il tuo team lavora, decide e crea",,,https://liberating.it/design-thinking/design-thinking-cycle/10-principi-fondamentali-liberating-structures/
https://liberating.it/design-thinking/design-thinking-cycle/structures/complessita/iniziare-subito/privacy-policy/,"Cambia il modo in cui il tuo team lavora, decide e crea",,,https://liberating.it/design-thinking/design-thinking-cycle/structures/complessita/iniziare-subito/
https://liberating.it/design-thinking/design-thinking-cycle/structures/per-bisogno/analizzare-problemi/,"Cambia il modo in cui il tuo team lavora, decide e crea",,,https://liberating.it/design-thinking/design-thinking-cycle/structures/
https://liberating.it/design-thinking/design-thinking-cycle/structures/impromptu-networking/structures/1-2-4-all/,"Cambia il modo in cui il tuo team lavora, decide e crea",,,https://liberating.it/design-thinking/design-thinking-cycle/structures/impromptu-networking/
https://liberating.it/design-thinking/design-thinking-cycle/per-bisogno/generare-idee/termini-di-servizio/structures/impromptu-networking/,"Cambia il modo in cui il tuo team lavora, decide e crea",,,https://liberating.it/design-thinking/design-thinking-cycle/per-bisogno/generare-idee/termini-di-servizio/
https://liberating.it/design-thinking/design-thinking-cycle/structures/termini-di-servizio/,"Cambia il modo in cui il tuo team lavora, decide e crea",,,https://liberating.it/design-thinking/design-thinking-cycle/structures/
https://liberating.it/design-thinking/design-thinking-cycle/10-principi-fondamentali-liberating-structures/structures/heard-seen-respected-hsr/,"Cambia il modo in cui il tuo team lavora, decide e crea",,,https://liberating.it/design-thinking/design-thinking-cycle/10-principi-fondamentali-liberating-structures/
https://liberating.it/design-thinking/design-thinking-cycle/per-bisogno/generare-idee/termini-di-servizio/10-principi-fondamentali-liberating-structures/,"Cambia il modo in cui il tuo team lavora, decide e crea",,,https://liberating.it/design-thinking/design-thinking-cycle/per-bisogno/generare-idee/termini-di-servizio/
https://liberating.it/design-thinking/design-thinking-cycle/structures/complessita/iniziare-subito/per-bisogno/,"Cambia il modo in cui il tuo team lavora, decide e crea",,,https://liberating.it/design-thinking/design-thinking-cycle/structures/complessita/iniziare-subito/
https://liberating.it/design-thinking/design-thinking-cycle/structures/per-bisogno/fare-strategia/per-bisogno/analizzare-problemi/,"Cambia il modo in cui il tuo team lavora, decide e crea",,,https://liberating.it/design-thinking/design-thinking-cycle/structures/per-bisogno/fare-strategia/
https://liberating.it/design-thinking/design-thinking-cycle/per-bisogno/prendere-decisioni/structures/w3-what-so-what-now-what/,"Cambia il modo in cui il tuo team lavora, decide e crea",,,https://liberating.it/design-thinking/design-thinking-cycle/per-bisogno/prendere-decisioni/
https://liberating.it/design-thinking/design-thinking-cycle/structures/1-2-4-all/termini-di-servizio/,"Cambia il modo in cui il tuo team lavora, decide e crea",,,https://liberating.it/design-thinking/design-thinking-cycle/structures/1-2-4-all/
https://liberating.it/design-thinking/design-thinking-cycle/structures/w3-what-so-what-now-what/structures/,"Cambia il modo in cui il tuo team lavora, decide e crea",,,https://liberating.it/design-thinking/design-thinking-cycle/structures/w3-what-so-what-now-what/
https://liberating.it/design-thinking/design-thinking-cycle/per-bisogno/prendere-decisioni/per-bisogno/analizzare-problemi/,"Cambia il modo in cui il tuo team lavora, decide e crea",,,https://liberating.it/design-thinking/design-thinking-cycle/per-bisogno/prendere-decisioni/
https://liberating.it/design-thinking/design-thinking-cycle/structures/per-bisogno/fare-strategia/termini-di-servizio/,"Cambia il modo in cui il tuo team lavora, decide e crea",,,https://liberating.it/design-thinking/design-thinking-cycle/structures/per-bisogno/fare-strategia/
https://liberating.it/design-thinking/design-thinking-cycle/termini-di-servizio/per-bisogno/,"Cambia il modo in cui il tuo team lavora, decide e crea",,,https://liberating.it/design-thinking/design-thinking-cycle/termini-di-servizio/
https://liberating.it/design-thinking/design-thinking-cycle/structures/15-solutions/privacy-policy/,"Cambia il modo in cui il tuo team lavora, decide e crea",,,https://liberating.it/design-thinking/design-thinking-cycle/structures/15-solutions/
https://liberating.it/design-thinking/design-thinking-cycle/per-bisogno/generare-idee/structures/15-solutions/,"Cambia il modo in cui il tuo team lavora, decide e crea",,,https://liberating.it/design-thinking/design-thinking-cycle/per-bisogno/generare-idee/
https://liberating.it/design-thinking/design-thinking-cycle/structures/complessita/iniziare-subito/per-bisogno/generare-idee/,"Cambia il modo in cui il tuo team lavora, decide e crea",,,https://liberating.it/design-thinking/design-thinking-cycle/structures/complessita/iniziare-subito/
https://liberating.it/design-thinking/design-thinking-cycle/structures/w3-what-so-what-now-what/10-principi-fondamentali-liberating-structures/,"Cambia il modo in cui il tuo team lavora, decide e crea",,,https://liberating.it/design-thinking/design-thinking-cycle/structures/w3-what-so-what-now-what/
https://liberating.it/design-thinking/design-thinking-cycle/per-bisogno/termini-di-servizio/,"Cambia il modo in cui il tuo team lavora, decide e crea",,,https://liberating.it/design-thinking/design-thinking-cycle/per-bisogno/
https://liberating.it/design-thinking/design-thinking-cycle/structures/per-bisogno/fare-strategia/per-bisogno/fare-strategia/,"Cambia il modo in cui il tuo team lavora, decide e crea",,,https://liberating.it/design-thinking/design-thinking-cycle/structures/per-bisogno/fare-strategia/
https://liberating.it/design-thinking/design-thinking-cycle/structures/15-solutions/complessita/iniziare-subito/,"Cambia il modo in cui il tuo team lavora, decide e crea",,,https://liberating.it/design-thinking/design-thinking-cycle/structures/15-solutions/
https://liberating.it/design-thinking/design-thinking-cycle/per-bisogno/generare-idee/structures/per-bisogno/generare-idee/,"Cambia il modo in cui il tuo team lavora, decide e crea",,,https://liberating.it/design-thinking/design-thinking-cycle/per-bisogno/generare-idee/structures/
https://liberating.it/design-thinking/design-thinking-cycle/per-bisogno/prendere-decisioni/privacy-policy/,"Cambia il modo in cui il tuo team lavora, decide e crea",,,https://liberating.it/design-thinking/design-thinking-cycle/per-bisogno/prendere-decisioni/
https://liberating.it/design-thinking/design-thinking-cycle/structures/1-2-4-all/10-principi-fondamentali-liberating-structures/,"Cambia il modo in cui il tuo team lavora, decide e crea",,,https://liberating.it/design-thinking/design-thinking-cycle/structures/1-2-4-all/
https://liberating.it/design-thinking/design-thinking-cycle/termini-di-servizio/structures/1-2-4-all/,"Cambia il modo in cui il tuo team lavora, decide e crea",,,https://liberating.it/design-thinking/design-thinking-cycle/termini-di-servizio/
https://liberating.it/design-thinking/design-thinking-cycle/termini-di-servizio/structures/,"Cambia il modo in cui il tuo team lavora, decide e crea",,,https://liberating.it/design-thinking/design-thinking-cycle/termini-di-servizio/
https://liberating.it/design-thinking/design-thinking-cycle/10-principi-fondamentali-liberating-structures/structures/,"Cambia il modo in cui il tuo team lavora, decide e crea",,,https://liberating.it/design-thinking/design-thinking-cycle/10-principi-fondamentali-liberating-structures/
https://liberating.it/design-thinking/design-thinking-cycle/per-bisogno/generare-idee/structures/structures/,"Cambia il modo in cui il tuo team lavora, decide e crea",,,https://liberating.it/design-thinking/design-thinking-cycle/per-bisogno/generare-idee/structures/
https://liberating.it/design-thinking/design-thinking-cycle/structures/15-solutions/per-bisogno/,"Cambia il modo in cui il tuo team lavora, decide e crea",,,https://liberating.it/design-thinking/design-thinking-cycle/structures/15-solutions/
https://liberating.it/design-thinking/design-thinking-cycle/per-bisogno/generare-idee/termini-di-servizio/per-bisogno/prendere-decisioni/,"Cambia il modo in cui il tuo team lavora, decide e crea",,,https://liberating.it/design-thinking/design-thinking-cycle/per-bisogno/generare-idee/termini-di-servizio/
https://liberating.it/design-thinking/design-thinking-cycle/termini-di-servizio/per-bisogno/prendere-decisioni/,"Cambia il modo in cui il tuo team lavora, decide e crea",,,https://liberating.it/design-thinking/design-thinking-cycle/termini-di-servizio/
https://liberating.it/design-thinking/design-thinking-cycle/structures/complessita/iniziare-subito/per-bisogno/fare-strategia/,"Cambia il modo in cui il tuo team lavora, decide e crea",,,https://liberating.it/design-thinking/design-thinking-cycle/structures/complessita/iniziare-subito/
https://liberating.it/design-thinking/design-thinking-cycle/per-bisogno/structures/,"Cambia il modo in cui il tuo team lavora, decide e crea",,,https://liberating.it/design-thinking/design-thinking-cycle/per-bisogno/
https://liberating.it/design-thinking/design-thinking-cycle/structures/15-solutions/10-principi-fondamentali-liberating-structures/,"Cambia il modo in cui il tuo team lavora, decide e crea",,,https://liberating.it/design-thinking/design-thinking-cycle/structures/15-solutions/
https://liberating.it/design-thinking/design-thinking-cycle/structures/per-bisogno/fare-strategia/privacy-policy/,"Cambia il modo in cui il tuo team lavora, decide e crea",,,https://liberating.it/design-thinking/design-thinking-cycle/structures/per-bisogno/fare-strategia/
https://liberating.it/design-thinking/design-thinking-cycle/structures/1-2-4-all/structures/,"Cambia il modo in cui il tuo team lavora, decide e crea",,,https://liberating.it/design-thinking/design-thinking-cycle/structures/1-2-4-all/
https://liberating.it/design-thinking/design-thinking-cycle/per-bisogno/generare-idee/structures/heard-seen-respected-hsr/,"Cambia il modo in cui il tuo team lavora, decide e crea",,,https://liberating.it/design-thinking/design-thinking-cycle/per-bisogno/generare-idee/
https://liberating.it/design-thinking/design-thinking-cycle/per-bisogno/generare-idee/structures/structures/w3-what-so-what-now-what/,"Cambia il modo in cui il tuo team lavora, decide e crea",,,https://liberating.it/design-thinking/design-thinking-cycle/per-bisogno/generare-idee/structures/
https://liberating.it/design-thinking/design-thinking-cycle/per-bisogno/generare-idee/structures/10-principi-fondamentali-liberating-structures/,"Cambia il modo in cui il tuo team lavora, decide e crea",,,https://liberating.it/design-thinking/design-thinking-cycle/per-bisogno/generare-idee/structures/
https://liberating.it/design-thinking/design-thinking-cycle/per-bisogno/fare-strategia/,"Cambia il modo in cui il tuo team lavora, decide e crea",,,https://liberating.it/design-thinking/design-thinking-cycle/
https://liberating.it/design-thinking/design-thinking-cycle/termini-di-servizio/structures/w3-what-so-what-now-what/,"Cambia il modo in cui il tuo team lavora, decide e crea",,,https://liberating.it/design-thinking/design-thinking-cycle/termini-di-servizio/
https://liberating.it/design-thinking/design-thinking-cycle/per-bisogno/generare-idee/termini-di-servizio/per-bisogno/analizzare-problemi/,"Cambia il modo in cui il tuo team lavora, decide e crea",,,https://liberating.it/design-thinking/design-thinking-cycle/per-bisogno/generare-idee/termini-di-servizio/
https://liberating.it/design-thinking/design-thinking-cycle/per-bisogno/structures/15-solutions/,"Cambia il modo in cui il tuo team lavora, decide e crea",,,https://liberating.it/design-thinking/design-thinking-cycle/per-bisogno/
https://liberating.it/design-thinking/design-thinking-cycle/structures/1-2-4-all/per-bisogno/,"Cambia il modo in cui il tuo team lavora, decide e crea",,,https://liberating.it/design-thinking/design-thinking-cycle/structures/1-2-4-all/
https://liberating.it/design-thinking/design-thinking-cycle/per-bisogno/generare-idee/per-bisogno/generare-idee/,"Cambia il modo in cui il tuo team lavora, decide e crea",,,https://liberating.it/design-thinking/design-thinking-cycle/per-bisogno/generare-idee/
https://liberating.it/design-thinking/design-thinking-cycle/10-principi-fondamentali-liberating-structures/structures/impromptu-networking/,"Cambia il modo in cui il tuo team lavora, decide e crea",,,https://liberating.it/design-thinking/design-thinking-cycle/10-principi-fondamentali-liberating-structures/
https://liberating.it/design-thinking/design-thinking-cycle/per-bisogno/prendere-decisioni/per-bisogno/fare-strategia/,"Cambia il modo in cui il tuo team lavora, decide e crea",,,https://liberating.it/design-thinking/design-thinking-cycle/per-bisogno/prendere-decisioni/
https://liberating.it/design-thinking/design-thinking-cycle/10-principi-fondamentali-liberating-structures/structures/15-solutions/,"Cambia il modo in cui il tuo team lavora, decide e crea",,,https://liberating.it/design-thinking/design-thinking-cycle/10-principi-fondamentali-liberating-structures/
https://liberating.it/design-thinking/design-thinking-cycle/structures/per-bisogno/fare-strategia/per-bisogno/,"Cambia il modo in cui il tuo team lavora, decide e crea",,,https://liberating.it/design-thinking/design-thinking-cycle/structures/per-bisogno/fare-strategia/
https://liberating.it/design-thinking/design-thinking-cycle/per-bisogno/generare-idee/per-bisogno/analizzare-problemi/,"Cambia il modo in cui il tuo team lavora, decide e crea",,,https://liberating.it/design-thinking/design-thinking-cycle/per-bisogno/generare-idee/
https://liberating.it/design-thinking/design-thinking-cycle/termini-di-servizio/per-bisogno/fare-strategia/,"Cambia il modo in cui il tuo team lavora, decide e crea",,,https://liberating.it/design-thinking/design-thinking-cycle/termini-di-servizio/
https://liberating.it/design-thinking/design-thinking-cycle/structures/1-2-4-all/per-bisogno/prendere-decisioni/,"Cambia il modo in cui il tuo team lavora, decide e crea",,,https://liberating.it/design-thinking/design-thinking-cycle/structures/1-2-4-all/
https://liberating.it/design-thinking/design-thinking-cycle/10-principi-fondamentali-liberating-structures/per-bisogno/analizzare-problemi/,"Cambia il modo in cui il tuo team lavora, decide e crea",,,https://liberating.it/design-thinking/design-thinking-cycle/10-principi-fondamentali-liberating-structures/
https://liberating.it/design-thinking/design-thinking-cycle/per-bisogno/generare-idee/termini-di-servizio/complessita/iniziare-subito/,"Cambia il modo in cui il tuo team lavora, decide e crea",,,https://liberating.it/design-thinking/design-thinking-cycle/per-bisogno/generare-idee/termini-di-servizio/
https://liberating.it/design-thinking/design-thinking-cycle/per-bisogno/10-principi-fondamentali-liberating-structures/,"Cambia il modo in cui il tuo team lavora, decide e crea",,,https://liberating.it/design-thinking/design-thinking-cycle/per-bisogno/
https://liberating.it/design-thinking/design-thinking-cycle/10-principi-fondamentali-liberating-structures/per-bisogno/fare-strategia/,"Cambia il modo in cui il tuo team lavora, decide e crea",,,https://liberating.it/design-thinking/design-thinking-cycle/10-principi-fondamentali-liberating-structures/
https://liberating.it/design-thinking/design-thinking-cycle/structures/impromptu-networking/per-bisogno/,"Cambia il modo in cui il tuo team lavora, decide e crea",,,https://liberating.it/design-thinking/design-thinking-cycle/structures/impromptu-networking/
https://liberating.it/design-thinking/design-thinking-cycle/structures/impromptu-networking/per-bisogno/prendere-decisioni/,"Cambia il modo in cui il tuo team lavora, decide e crea",,,https://liberating.it/design-thinking/design-thinking-cycle/structures/impromptu-networking/
https://liberating.it/design-thinking/design-thinking-cycle/structures/15-solutions/per-bisogno/fare-strategia/,"Cambia il modo in cui il tuo team lavora, decide e crea",,,https://liberating.it/design-thinking/design-thinking-cycle/structures/15-solutions/
https://liberating.it/design-thinking/design-thinking-cycle/structures/per-bisogno/fare-strategia/structures/1-2-4-all/,"Cambia il modo in cui il tuo team lavora, decide e crea",,,https://liberating.it/design-thinking/design-thinking-cycle/structures/per-bisogno/fare-strategia/
https://liberating.it/design-thinking/design-thinking-cycle/structures/15-solutions/structures/w3-what-so-what-now-what/,"Cambia il modo in cui il tuo team lavora, decide e crea",,,https://liberating.it/design-thinking/design-thinking-cycle/structures/15-solutions/
https://liberating.it/design-thinking/design-thinking-cycle/per-bisogno/generare-idee/structures/privacy-policy/,"Cambia il modo in cui il tuo team lavora, decide e crea",,,https://liberating.it/design-thinking/design-thinking-cycle/per-bisogno/generare-idee/structures/
https://liberating.it/design-thinking/design-thinking-cycle/structures/privacy-policy/,"Cambia il modo in cui il tuo team lavora, decide e crea",,,https://liberating.it/design-thinking/design-thinking-cycle/structures/
https://liberating.it/design-thinking/design-thinking-cycle/structures/complessita/iniziare-subito/structures/w3-what-so-what-now-what/,"Cambia il modo in cui il tuo team lavora, decide e crea",,,https://liberating.it/design-thinking/design-thinking-cycle/structures/complessita/iniziare-subito/
https://liberating.it/design-thinking/design-thinking-cycle/10-principi-fondamentali-liberating-structures/structures/w3-what-so-what-now-what/,"Cambia il modo in cui il tuo team lavora, decide e crea",,,https://liberating.it/design-thinking/design-thinking-cycle/10-principi-fondamentali-liberating-structures/
https://liberating.it/design-thinking/design-thinking-cycle/per-bisogno/generare-idee/structures/structures/1-2-4-all/,"Cambia il modo in cui il tuo team lavora, decide e crea",,,https://liberating.it/design-thinking/design-thinking-cycle/per-bisogno/generare-idee/structures/
https://liberating.it/design-thinking/design-thinking-cycle/per-bisogno/generare-idee/structures/per-bisogno/analizzare-problemi/,"Cambia il modo in cui il tuo team lavora, decide e crea",,,https://liberating.it/design-thinking/design-thinking-cycle/per-bisogno/generare-idee/structures/
https://liberating.it/design-thinking/design-thinking-cycle/10-principi-fondamentali-liberating-structures/termini-di-servizio/,"Cambia il modo in cui il tuo team lavora, decide e crea",,,https://liberating.it/design-thinking/design-thinking-cycle/10-principi-fondamentali-liberating-structures/
https://liberating.it/design-thinking/design-thinking-cycle/per-bisogno/per-bisogno/fare-strategia/,"Cambia il modo in cui il tuo team lavora, decide e crea",,,https://liberating.it/design-thinking/design-thinking-cycle/per-bisogno/
https://liberating.it/design-thinking/design-thinking-cycle/structures/complessita/iniziare-subito/per-bisogno/analizzare-problemi/,"Cambia il modo in cui il tuo team lavora, decide e crea",,,https://liberating.it/design-thinking/design-thinking-cycle/structures/complessita/iniziare-subito/
https://liberating.it/design-thinking/design-thinking-cycle/per-bisogno/prendere-decisioni/structures/,"Cambia il modo in cui il tuo team lavora, decide e crea",,,https://liberating.it/design-thinking/design-thinking-cycle/per-bisogno/prendere-decisioni/
https://liberating.it/design-thinking/design-thinking-cycle/per-bisogno/generare-idee/complessita/iniziare-subito/,"Cambia il modo in cui il tuo team lavora, decide e crea",,,https://liberating.it/design-thinking/design-thinking-cycle/per-bisogno/generare-idee/
https://liberating.it/design-thinking/design-thinking-cycle/structures/1-2-4-all/per-bisogno/analizzare-problemi/,"Cambia il modo in cui il tuo team lavora, decide e crea",,,https://liberating.it/design-thinking/design-thinking-cycle/structures/1-2-4-all/
https://liberating.it/design-thinking/design-thinking-cycle/per-bisogno/per-bisogno/prendere-decisioni/,"Cambia il modo in cui il tuo team lavora, decide e crea",,,https://liberating.it/design-thinking/design-thinking-cycle/per-bisogno/
https://liberating.it/design-thinking/design-thinking-cycle/termini-di-servizio/structures/heard-seen-respected-hsr/,"Cambia il modo in cui il tuo team lavora, decide e crea",,,https://liberating.it/design-thinking/design-thinking-cycle/termini-di-servizio/
https://liberating.it/design-thinking/design-thinking-cycle/structures/10-principi-fondamentali-liberating-structures/,"Cambia il modo in cui il tuo team lavora, decide e crea",,,https://liberating.it/design-thinking/design-thinking-cycle/structures/
https://liberating.it/design-thinking/design-thinking-cycle/per-bisogno/prendere-decisioni/per-bisogno/,"Cambia il modo in cui il tuo team lavora, decide e crea",,,https://liberating.it/design-thinking/design-thinking-cycle/per-bisogno/prendere-decisioni/
https://liberating.it/design-thinking/design-thinking-cycle/complessita/iniziare-subito/,"Cambia il modo in cui il tuo team lavora, decide e crea",,,https://liberating.it/design-thinking/design-thinking-cycle/
https://liberating.it/design-thinking/design-thinking-cycle/per-bisogno/structures/impromptu-networking/,"Cambia il modo in cui il tuo team lavora, decide e crea",,,https://liberating.it/design-thinking/design-thinking-cycle/per-bisogno/
https://liberating.it/design-thinking/design-thinking-cycle/per-bisogno/generare-idee/termini-di-servizio/structures/,"Cambia il modo in cui il tuo team lavora, decide e crea",,,https://liberating.it/design-thinking/design-thinking-cycle/per-bisogno/generare-idee/termini-di-servizio/
https://liberating.it/design-thinking/design-thinking-cycle/structures/w3-what-so-what-now-what/per-bisogno/fare-strategia/,"Cambia il modo in cui il tuo team lavora, decide e crea",,,https://liberating.it/design-thinking/design-thinking-cycle/structures/w3-what-so-what-now-what/
https://liberating.it/design-thinking/design-thinking-cycle/per-bisogno/generare-idee/per-bisogno/prendere-decisioni/,"Cambia il modo in cui il tuo team lavora, decide e crea",,,https://liberating.it/design-thinking/design-thinking-cycle/per-bisogno/generare-idee/
https://liberating.it/design-thinking/design-thinking-cycle/per-bisogno/structures/heard-seen-respected-hsr/,"Cambia il modo in cui il tuo team lavora, decide e crea",,,https://liberating.it/design-thinking/design-thinking-cycle/per-bisogno/
https://liberating.it/design-thinking/design-thinking-cycle/per-bisogno/prendere-decisioni/termini-di-servizio/,"Cambia il modo in cui il tuo team lavora, decide e crea",,,https://liberating.it/design-thinking/design-thinking-cycle/per-bisogno/prendere-decisioni/
https://liberating.it/design-thinking/design-thinking-cycle/structures/impromptu-networking/termini-di-servizio/,"Cambia il modo in cui il tuo team lavora, decide e crea",,,https://liberating.it/design-thinking/design-thinking-cycle/structures/impromptu-networking/
https://liberating.it/design-thinking/design-thinking-cycle/structures/15-solutions/structures/15-solutions/,"Cambia il modo in cui il tuo team lavora, decide e crea",,,https://liberating.it/design-thinking/design-thinking-cycle/structures/15-solutions/
https://liberating.it/design-thinking/design-thinking-cycle/structures/w3-what-so-what-now-what/termini-di-servizio/,"Cambia il modo in cui il tuo team lavora, decide e crea",,,https://liberating.it/design-thinking/design-thinking-cycle/structures/w3-what-so-what-now-what/
https://liberating.it/design-thinking/design-thinking-cycle/structures/15-solutions/structures/,"Cambia il modo in cui il tuo team lavora, decide e crea",,,https://liberating.it/design-thinking/design-thinking-cycle/structures/15-solutions/
https://liberating.it/design-thinking/design-thinking-cycle/structures/w3-what-so-what-now-what/structures/impromptu-networking/,"Cambia il modo in cui il tuo team lavora, decide e crea",,,https://liberating.it/design-thinking/design-thinking-cycle/structures/w3-what-so-what-now-what/
https://liberating.it/design-thinking/design-thinking-cycle/per-bisogno/generare-idee/termini-di-servizio/privacy-policy/,"Cambia il modo in cui il tuo team lavora, decide e crea",,,https://liberating.it/design-thinking/design-thinking-cycle/per-bisogno/generare-idee/termini-di-servizio/
https://liberating.it/design-thinking/design-thinking-cycle/per-bisogno/generare-idee/termini-di-servizio/termini-di-servizio/,"Cambia il modo in cui il tuo team lavora, decide e crea",,,https://liberating.it/design-thinking/design-thinking-cycle/per-bisogno/generare-idee/termini-di-servizio/
https://liberating.it/design-thinking/design-thinking-cycle/structures/per-bisogno/fare-strategia/structures/15-solutions/,"Cambia il modo in cui il tuo team lavora, decide e crea",,,https://liberating.it/design-thinking/design-thinking-cycle/structures/per-bisogno/fare-strategia/
https://liberating.it/design-thinking/design-thinking-cycle/10-principi-fondamentali-liberating-structures/per-bisogno/generare-idee/,"Cambia il modo in cui il tuo team lavora, decide e crea",,,https://liberating.it/design-thinking/design-thinking-cycle/10-principi-fondamentali-liberating-structures/
https://liberating.it/design-thinking/design-thinking-cycle/per-bisogno/prendere-decisioni/per-bisogno/generare-idee/,"Cambia il modo in cui il tuo team lavora, decide e crea",,,https://liberating.it/design-thinking/design-thinking-cycle/per-bisogno/prendere-decisioni/
https://liberating.it/design-thinking/design-thinking-cycle/termini-di-servizio/per-bisogno/analizzare-problemi/,"Cambia il modo in cui il tuo team lavora, decide e crea",,,https://liberating.it/design-thinking/design-thinking-cycle/termini-di-servizio/
https://liberating.it/design-thinking/design-thinking-cycle/per-bisogno/generare-idee/10-principi-fondamentali-liberating-structures/,"Cambia il modo in cui il tuo team lavora, decide e crea",,,https://liberating.it/design-thinking/design-thinking-cycle/per-bisogno/generare-idee/
https://liberating.it/design-thinking/design-thinking-cycle/per-bisogno/structures/w3-what-so-what-now-what/,"Cambia il modo in cui il tuo team lavora, decide e crea",,,https://liberating.it/design-thinking/design-thinking-cycle/per-bisogno/
https://liberating.it/design-thinking/design-thinking-cycle/structures/1-2-4-all/structures/1-2-4-all/,"Cambia il modo in cui il tuo team lavora, decide e crea",,,https://liberating.it/design-thinking/design-thinking-cycle/structures/1-2-4-all/
https://liberating.it/design-thinking/design-thinking-cycle/per-bisogno/generare-idee/privacy-policy/,"Cambia il modo in cui il tuo team lavora, decide e crea",,,https://liberating.it/design-thinking/design-thinking-cycle/per-bisogno/generare-idee/
https://liberating.it/design-thinking/design-thinking-cycle/termini-di-servizio/structures/impromptu-networking/,"Cambia il modo in cui il tuo team lavora, decide e crea",,,https://liberating.it/design-thinking/design-thinking-cycle/termini-di-servizio/
https://liberating.it/design-thinking/design-thinking-cycle/structures/per-bisogno/fare-strategia/structures/heard-seen-respected-hsr/,"Cambia il modo in cui il tuo team lavora, decide e crea",,,https://liberating.it/design-thinking/design-thinking-cycle/structures/per-bisogno/fare-strategia/
https://liberating.it/design-thinking/design-thinking-cycle/per-bisogno/generare-idee/termini-di-servizio/per-bisogno/fare-strategia/,"Cambia il modo in cui il tuo team lavora, decide e crea",,,https://liberating.it/design-thinking/design-thinking-cycle/per-bisogno/generare-idee/termini-di-servizio/
https://liberating.it/design-thinking/design-thinking-cycle/structures/impromptu-networking/complessita/iniziare-subito/,"Cambia il modo in cui il tuo team lavora, decide e crea",,,https://liberating.it/design-thinking/design-thinking-cycle/structures/impromptu-networking/
https://liberating.it/design-thinking/design-thinking-cycle/structures/structures/15-solutions/,"Cambia il modo in cui il tuo team lavora, decide e crea",,,https://liberating.it/design-thinking/design-thinking-cycle/structures/
https://liberating.it/design-thinking/design-thinking-cycle/structures/w3-what-so-what-now-what/structures/15-solutions/,"Cambia il modo in cui il tuo team lavora, decide e crea",,,https://liberating.it/design-thinking/design-thinking-cycle/structures/w3-what-so-what-now-what/
https://liberating.it/design-thinking/design-thinking-cycle/per-bisogno/generare-idee/structures/structures/heard-seen-respected-hsr/,"Cambia il modo in cui il tuo team lavora, decide e crea",,,https://liberating.it/design-thinking/design-thinking-cycle/per-bisogno/generare-idee/structures/
https://liberating.it/design-thinking/design-thinking-cycle/per-bisogno/generare-idee/structures/structures/15-solutions/,"Cambia il modo in cui il tuo team lavora, decide e crea",,,https://liberating.it/design-thinking/design-thinking-cycle/per-bisogno/generare-idee/structures/
https://liberating.it/design-thinking/design-thinking-cycle/10-principi-fondamentali-liberating-structures/per-bisogno/,"Cambia il modo in cui il tuo team lavora, decide e crea",,,https://liberating.it/design-thinking/design-thinking-cycle/10-principi-fondamentali-liberating-structures/
https://liberating.it/design-thinking/design-thinking-cycle/per-bisogno/generare-idee/structures/structures/impromptu-networking/,"Cambia il modo in cui il tuo team lavora, decide e crea",,,https://liberating.it/design-thinking/design-thinking-cycle/per-bisogno/generare-idee/structures/
https://liberating.it/design-thinking/design-thinking-cycle/structures/1-2-4-all/structures/impromptu-networking/,"Cambia il modo in cui il tuo team lavora, decide e crea",,,https://liberating.it/design-thinking/design-thinking-cycle/structures/1-2-4-all/
https://liberating.it/design-thinking/design-thinking-cycle/structures/impromptu-networking/structures/heard-seen-respected-hsr/,"Cambia il modo in cui il tuo team lavora, decide e crea",,,https://liberating.it/design-thinking/design-thinking-cycle/structures/impromptu-networking/
https://liberating.it/design-thinking/design-thinking-cycle/structures/w3-what-so-what-now-what/structures/heard-seen-respected-hsr/,"Cambia il modo in cui il tuo team lavora, decide e crea",,,https://liberating.it/design-thinking/design-thinking-cycle/structures/w3-what-so-what-now-what/
https://liberating.it/design-thinking/design-thinking-cycle/structures/1-2-4-all/structures/15-solutions/,"Cambia il modo in cui il tuo team lavora, decide e crea",,,https://liberating.it/design-thinking/design-thinking-cycle/structures/1-2-4-all/
https://liberating.it/design-thinking/design-thinking-cycle/structures/complessita/iniziare-subito/per-bisogno/prendere-decisioni/,"Cambia il modo in cui il tuo team lavora, decide e crea",,,https://liberating.it/design-thinking/design-thinking-cycle/structures/complessita/iniziare-subito/
https://liberating.it/design-thinking/design-thinking-cycle/per-bisogno/generare-idee/structures/per-bisogno/,"Cambia il modo in cui il tuo team lavora, decide e crea",,,https://liberating.it/design-thinking/design-thinking-cycle/per-bisogno/generare-idee/structures/
https://liberating.it/design-thinking/design-thinking-cycle/structures/complessita/iniziare-subito/structures/impromptu-networking/,"Cambia il modo in cui il tuo team lavora, decide e crea",,,https://liberating.it/design-thinking/design-thinking-cycle/structures/complessita/iniziare-subito/
https://liberating.it/design-thinking/design-thinking-cycle/per-bisogno/generare-idee/structures/complessita/iniziare-subito/,"Cambia il modo in cui il tuo team lavora, decide e crea",,,https://liberating.it/design-thinking/design-thinking-cycle/per-bisogno/generare-idee/structures/
https://liberating.it/design-thinking/design-thinking-cycle/per-bisogno/generare-idee/termini-di-servizio/structures/w3-what-so-what-now-what/,"Cambia il modo in cui il tuo team lavora, decide e crea",,,https://liberating.it/design-thinking/design-thinking-cycle/per-bisogno/generare-idee/termini-di-servizio/
https://liberating.it/design-thinking/design-thinking-cycle/structures/w3-what-so-what-now-what/per-bisogno/generare-idee/,"Cambia il modo in cui il tuo team lavora, decide e crea",,,https://liberating.it/design-thinking/design-thinking-cycle/structures/w3-what-so-what-now-what/
https://liberating.it/design-thinking/design-thinking-cycle/structures/1-2-4-all/structures/w3-what-so-what-now-what/,"Cambia il modo in cui il tuo team lavora, decide e crea",,,https://liberating.it/design-thinking/design-thinking-cycle/structures/1-2-4-all/
https://liberating.it/design-thinking/design-thinking-cycle/per-bisogno/generare-idee/structures/per-bisogno/prendere-decisioni/,"Cambia il modo in cui il tuo team lavora, decide e crea",,,https://liberating.it/design-thinking/design-thinking-cycle/per-bisogno/generare-idee/structures/
https://liberating.it/design-thinking/design-thinking-cycle/structures/per-bisogno/fare-strategia/structures/impromptu-networking/,"Cambia il modo in cui il tuo team lavora, decide e crea",,,https://liberating.it/design-thinking/design-thinking-cycle/structures/per-bisogno/fare-strategia/
https://liberating.it/design-thinking/design-thinking-cycle/per-bisogno/generare-idee/structures/per-bisogno/fare-strategia/,"Cambia il modo in cui il tuo team lavora, decide e crea",,,https://liberating.it/design-thinking/design-thinking-cycle/per-bisogno/generare-idee/structures/
https://liberating.it/design-thinking/design-thinking-cycle/structures/w3-what-so-what-now-what/privacy-policy/,"Cambia il modo in cui il tuo team lavora, decide e crea",,,https://liberating.it/design-thinking/design-thinking-cycle/structures/w3-what-so-what-now-what/
https://liberating.it/design-thinking/design-thinking-cycle/structures/structures/1-2-4-all/,"Cambia il modo in cui il tuo team lavora, decide e crea",,,https://liberating.it/design-thinking/design-thinking-cycle/structures/
https://liberating.it/design-thinking/design-thinking-cycle/structures/per-bisogno/fare-strategia/complessita/iniziare-subito/,"Cambia il modo in cui il tuo team lavora, decide e crea",,,https://liberating.it/design-thinking/design-thinking-cycle/structures/per-bisogno/fare-strategia/
https://liberating.it/design-thinking/design-thinking-cycle/10-principi-fondamentali-liberating-structures/10-principi-fondamentali-liberating-structures/,"Cambia il modo in cui il tuo team lavora, decide e crea",,,https://liberating.it/design-thinking/design-thinking-cycle/10-principi-fondamentali-liberating-structures/
https://liberating.it/design-thinking/design-thinking-cycle/10-principi-fondamentali-liberating-structures/structures/1-2-4-all/,"Cambia il modo in cui il tuo team lavora, decide e crea",,,https://liberating.it/design-thinking/design-thinking-cycle/10-principi-fondamentali-liberating-structures/
https://liberating.it/design-thinking/design-thinking-cycle/termini-di-servizio/per-bisogno/generare-idee/,"Cambia il modo in cui il tuo team lavora, decide e crea",,,https://liberating.it/design-thinking/design-thinking-cycle/termini-di-servizio/
https://liberating.it/design-thinking/design-thinking-cycle/structures/complessita/iniziare-subito/structures/15-solutions/,"Cambia il modo in cui il tuo team lavora, decide e crea",,,https://liberating.it/design-thinking/design-thinking-cycle/structures/complessita/iniziare-subito/
https://liberating.it/design-thinking/design-thinking-cycle/structures/per-bisogno/fare-strategia/structures/,"Cambia il modo in cui il tuo team lavora, decide e crea",,,https://liberating.it/design-thinking/design-thinking-cycle/structures/per-bisogno/fare-strategia/
https://liberating.it/design-thinking/design-thinking-cycle/structures/15-solutions/termini-di-servizio/,"Cambia il modo in cui il tuo team lavora, decide e crea",,,https://liberating.it/design-thinking/design-thinking-cycle/structures/15-solutions/
https://liberating.it/design-thinking/design-thinking-cycle/structures/1-2-4-all/structures/heard-seen-respected-hsr/,"Cambia il modo in cui il tuo team lavora, decide e crea",,,https://liberating.it/design-thinking/design-thinking-cycle/structures/1-2-4-all/
https://liberating.it/design-thinking/design-thinking-cycle/10-principi-fondamentali-liberating-structures/complessita/iniziare-subito/,"Cambia il modo in cui il tuo team lavora, decide e crea",,,https://liberating.it/design-thinking/design-thinking-cycle/10-principi-fondamentali-liberating-structures/
https://liberating.it/design-thinking/design-thinking-cycle/termini-di-servizio/10-principi-fondamentali-liberating-structures/,"Cambia il modo in cui il tuo team lavora, decide e crea",,,https://liberating.it/design-thinking/design-thinking-cycle/termini-di-servizio/
https://liberating.it/design-thinking/design-thinking-cycle/structures/per-bisogno/generare-idee/,"Cambia il modo in cui il tuo team lavora, decide e crea",,,https://liberating.it/design-thinking/design-thinking-cycle/structures/
https://liberating.it/design-thinking/design-thinking-cycle/per-bisogno/generare-idee/structures/1-2-4-all/,"Cambia il modo in cui il tuo team lavora, decide e crea",,,https://liberating.it/design-thinking/design-thinking-cycle/per-bisogno/generare-idee/
https://liberating.it/design-thinking/design-thinking-cycle/per-bisogno/per-bisogno/,"Cambia il modo in cui il tuo team lavora, decide e crea",,,https://liberating.it/design-thinking/design-thinking-cycle/per-bisogno/
https://liberating.it/design-thinking/design-thinking-cycle/structures/per-bisogno/fare-strategia/10-principi-fondamentali-liberating-structures/,"Cambia il modo in cui il tuo team lavora, decide e crea",,,https://liberating.it/design-thinking/design-thinking-cycle/structures/per-bisogno/fare-strategia/
https://liberating.it/design-thinking/design-thinking-cycle/structures/heard-seen-respected-hsr/,"Cambia il modo in cui il tuo team lavora, decide e crea",,,https://liberating.it/design-thinking/design-thinking-cycle/
https://liberating.it/design-thinking/design-thinking-cycle/structures/complessita/iniziare-subito/complessita/iniziare-subito/,"Cambia il modo in cui il tuo team lavora, decide e crea",,,https://liberating.it/design-thinking/design-thinking-cycle/structures/complessita/iniziare-subito/
https://liberating.it/design-thinking/design-thinking-cycle/structures/per-bisogno/fare-strategia/per-bisogno/prendere-decisioni/,"Cambia il modo in cui il tuo team lavora, decide e crea",,,https://liberating.it/design-thinking/design-thinking-cycle/structures/per-bisogno/fare-strategia/
https://liberating.it/design-thinking/design-thinking-cycle/structures/15-solutions/structures/impromptu-networking/,"Cambia il modo in cui il tuo team lavora, decide e crea",,,https://liberating.it/design-thinking/design-thinking-cycle/structures/15-solutions/
https://liberating.it/design-thinking/design-thinking-cycle/structures/per-bisogno/fare-strategia/per-bisogno/generare-idee/,"Cambia il modo in cui il tuo team lavora, decide e crea",,,https://liberating.it/design-thinking/design-thinking-cycle/structures/per-bisogno/fare-strategia/
https://liberating.it/design-thinking/design-thinking-cycle/per-bisogno/prendere-decisioni/per-bisogno/prendere-decisioni/,"Cambia il modo in cui il tuo team lavora, decide e crea",,,https://liberating.it/design-thinking/design-thinking-cycle/per-bisogno/prendere-decisioni/
https://liberating.it/design-thinking/design-thinking-cycle/structures/w3-what-so-what-now-what/per-bisogno/prendere-decisioni/,"Cambia il modo in cui il tuo team lavora, decide e crea",,,https://liberating.it/design-thinking/design-thinking-cycle/structures/w3-what-so-what-now-what/
https://liberating.it/design-thinking/design-thinking-cycle/termini-di-servizio/structures/15-solutions/,"Cambia il modo in cui il tuo team lavora, decide e crea",,,https://liberating.it/design-thinking/design-thinking-cycle/termini-di-servizio/
https://liberating.it/design-thinking/design-thinking-cycle/structures/w3-what-so-what-now-what/structures/w3-what-so-what-now-what/,"Cambia il modo in cui il tuo team lavora, decide e crea",,,https://liberating.it/design-thinking/design-thinking-cycle/structures/w3-what-so-what-now-what/
https://liberating.it/design-thinking/design-thinking-cycle/structures/impromptu-networking/per-bisogno/generare-idee/,"Cambia il modo in cui il tuo team lavora, decide e crea",,,https://liberating.it/design-thinking/design-thinking-cycle/structures/impromptu-networking/
https://liberating.it/design-thinking/design-thinking-cycle/structures/1-2-4-all/privacy-policy/,"Cambia il modo in cui il tuo team lavora, decide e crea",,,https://liberating.it/design-thinking/design-thinking-cycle/structures/1-2-4-all/
https://liberating.it/design-thinking/design-thinking-cycle/structures/complessita/iniziare-subito/termini-di-servizio/,"Cambia il modo in cui il tuo team lavora, decide e crea",,,https://liberating.it/design-thinking/design-thinking-cycle/structures/complessita/iniziare-subito/
https://liberating.it/design-thinking/design-thinking-cycle/structures/impromptu-networking/structures/impromptu-networking/,"Cambia il modo in cui il tuo team lavora, decide e crea",,,https://liberating.it/design-thinking/design-thinking-cycle/structures/impromptu-networking/
https://liberating.it/design-thinking/design-thinking-cycle/structures/complessita/iniziare-subito/structures/1-2-4-all/,"Cambia il modo in cui il tuo team lavora, decide e crea",,,https://liberating.it/design-thinking/design-thinking-cycle/structures/complessita/iniziare-subito/
https://liberating.it/design-thinking/design-thinking-cycle/per-bisogno/generare-idee/per-bisogno/,"Cambia il modo in cui il tuo team lavora, decide e crea",,,https://liberating.it/design-thinking/design-thinking-cycle/per-bisogno/generare-idee/
https://liberating.it/design-thinking/design-thinking-cycle/structures/w3-what-so-what-now-what/structures/1-2-4-all/,"Cambia il modo in cui il tuo team lavora, decide e crea",,,https://liberating.it/design-thinking/design-thinking-cycle/structures/w3-what-so-what-now-what/
https://liberating.it/design-thinking/design-thinking-cycle/structures/per-bisogno/fare-strategia/structures/w3-what-so-what-now-what/,"Cambia il modo in cui il tuo team lavora, decide e crea",,,https://liberating.it/design-thinking/design-thinking-cycle/structures/per-bisogno/fare-strategia/
https://liberating.it/design-thinking/design-thinking-cycle/per-bisogno/per-bisogno/analizzare-problemi/,"Cambia il modo in cui il tuo team lavora, decide e crea",,,https://liberating.it/design-thinking/design-thinking-cycle/per-bisogno/
https://liberating.it/design-thinking/design-thinking-cycle/per-bisogno/generare-idee/termini-di-servizio/structures/heard-seen-respected-hsr/,"Cambia il modo in cui il tuo team lavora, decide e crea",,,https://liberating.it/design-thinking/design-thinking-cycle/per-bisogno/generare-idee/termini-di-servizio/
https://liberating.it/design-thinking/design-thinking-cycle/structures/per-bisogno/prendere-decisioni/,"Cambia il modo in cui il tuo team lavora, decide e crea",,,https://liberating.it/design-thinking/design-thinking-cycle/structures/
https://liberating.it/design-thinking/design-thinking-cycle/structures/15-solutions/structures/heard-seen-respected-hsr/,"Cambia il modo in cui il tuo team lavora, decide e crea",,,https://liberating.it/design-thinking/design-thinking-cycle/structures/15-solutions/
https://liberating.it/structures/celebrity-interview/,Celebrity Interview,,,https://liberating.it/design-thinking/empathize/
https://liberating.it/structures/conversation-cafe/,Conversation Café,,,https://liberating.it/10-principi-fondamentali-liberating-structures/
https://liberating.it/structures/critical-uncertainties/,Critical Uncertainties,,,https://liberating.it/per-bisogno/fare-strategia/
https://liberating.it/design-thinking/define/,Definire,,,https://liberating.it/structures/w3-what-so-what-now-what/
https://liberating.it/structures/design-storyboards/,Design StoryBoards,,,https://liberating.it/structures/
https://liberating.it/structures/discovery-action-dialogue-dad/,Discovery & Action Dialogue (DAD),,,https://liberating.it/structures/w3-what-so-what-now-what/
https://liberating.it/structures/drawing-together/,Drawing Together,,,https://liberating.it/structures/
https://liberating.it/structures/ecocycle-planning/,Ecocycle Planning,,,https://liberating.it/structures/
https://liberating.it/design-thinking/empathize/,Empatizzare,,,https://liberating.it/structures/heard-seen-respected-hsr/
https://liberating.it/durata/estesa/,Estesa (max 4 h),,,https://liberating.it/per-bisogno/fare-strategia/
https://liberating.it/per-bisogno/fare-strategia/,Fare strategia,,,https://liberating.it/
https://liberating.it/per-bisogno/generare-idee/,Generare idee,,,https://liberating.it/
https://liberating.it/structures/heard-seen-respected-hsr/,"Heard, Seen, Respected (HSR)",,,https://liberating.it/
https://liberating.it/structures/helping-heuristics/,Helping Heuristics,,,https://liberating.it/complessita/iniziare-subito/
https://liberating.it/10-principi-fondamentali-liberating-structures/,I 10 principi delle Liberating Structures,,,https://liberating.it/
https://liberating.it/design-thinking/ideate/,Ideare,,,https://liberating.it/structures/15-solutions/
https://liberating.it/structures/impromptu-networking/,Impromptu Networking,,,https://liberating.it/
https://liberating.it/structures/improv-prototyping/,Improv Prototyping,,,https://liberating.it/structures/
https://liberating.it/structures/integrated-autonomy/,Integrated Autonomy,,,https://liberating.it/structures/
https://liberating.it/structures/,Le strutture,,,https://liberating.it/
https://liberating.it/structures/liquid-courage/,Liquid Courage,,,https://liberating.it/complessita/iniziare-subito/
https://liberating.it/structures/mad-love/,Mad Love,,,https://liberating.it/design-thinking/empathize/
https://liberating.it/structures/mad-tea/,Mad Tea,,,https://liberating.it/design-thinking/empathize/
https://liberating.it/durata/media/,Media (max 90 min),,,https://liberating.it/structures/heard-seen-respected-hsr/
https://liberating.it/structures/min-specs/,Min Specs,,,https://liberating.it/10-principi-fondamentali-liberating-structures/
https://liberating.it/structures/open-space-technology-ost/,Open Space Technology (OST),,,https://liberating.it/per-bisogno/fare-strategia/
https://liberating.it/structures/panarchy/,Panarchy,,,https://liberating.it/structures/
https://liberating.it/per-bisogno/,Per bisogno,,,https://liberating.it/
https://liberating.it/complessita/facilitazioni-complesse/,Per facilitazioni complesse,,,https://liberating.it/structures/improv-prototyping/
https://liberating.it/complessita/iniziare-subito/,Per iniziare subito,,,https://liberating.it/
https://liberating.it/complessita/team-rodati/,Per team già rodati,,,https://liberating.it/structures/appreciative-interviews-ai/
https://liberating.it/complessita/trasformazioni-organizzative/,Per trasformazioni organizzative,,,https://liberating.it/structures/user-experience-fishbowl/
https://liberating.it/structures/pixies-reflection/,Pixie Reflection,,,https://liberating.it/structures/
https://liberating.it/per-bisogno/prendere-decisioni/,Prendere decisioni,,,https://liberating.it/
https://liberating.it/privacy-policy/,Privacy Policy,,,https://liberating.it/
https://liberating.it/design-thinking/prototype/,Prototipare,,,https://liberating.it/structures/improv-prototyping/
https://liberating.it/structures/purpose-to-practice-p2p/,Purpose to Practice (P2P),,,https://liberating.it/per-bisogno/fare-strategia/
https://liberating.it/structures/shift-share/,Shift & Share,,,https://liberating.it/structures/
https://liberating.it/structures/simple-ethnography/,Simple Ethnography,,,https://liberating.it/design-thinking/empathize/
https://liberating.it/structures/social-network-webbing/,Social Network Webbing,,,https://liberating.it/structures/
https://liberating.it/difficolta/avanzata/,Strutture avanzate,,,https://liberating.it/structures/
https://liberating.it/difficolta/facile/,Strutture facili,,,https://liberating.it/structures/heard-seen-respected-hsr/
https://liberating.it/difficolta/intermedia/,Strutture intermedie,,,https://liberating.it/per-bisogno/fare-strategia/
https://liberating.it/structures/talking-with-pixies/,Talking with Pixies,,,https://liberating.it/structures/
https://liberating.it/termini-di-servizio/,Termini di Servizio,,,https://liberating.it/
https://liberating.it/design-thinking/test/,Testare,,,https://liberating.it/structures/troika-consulting/
https://liberating.it/structures/tiny-demons/,Tiny Demons,,,https://liberating.it/design-thinking/empathize/
https://liberating.it/structures/triz/,TRIZ,,,https://liberating.it/10-principi-fondamentali-liberating-structures/
https://liberating.it/structures/troika-consulting/,Troika Consulting,,,https://liberating.it/structures/heard-seen-respected-hsr/
https://liberating.it/structures/user-experience-fishbowl/,User Experience Fishbowl,,,https://liberating.it/10-principi-fondamentali-liberating-structures/
https://liberating.it/structures/what-i-need-from-you-winfy/,What I Need From You (WINFY),,,https://liberating.it/structures/
https://liberating.it/structures/w3-what-so-what-now-what/,"What, So What, Now What? (W³)",,,https://liberating.it/
https://liberating.it/structures/wicked-questions/,Wicked Questions,,,https://liberating.it/structures/
https://liberating.it/structures/wise-crowds/,Wise Crowds,,,https://liberating.it/structures/
https://liberating.it/durata/workshop/,Workshop (+1g),,,https://liberating.it/structures/panarchy/
