URL,Status Code,Blocked by Robots,Top 10,Tot. Keywords,Volume,Clicks from Home,Total Links,Internal Links,External Links,Found in
https://liberating.it/,200,0,17,23,480,0,39,38,1
https://liberating.it/10-principi-fondamentali-liberating-structures/,200,0,4,5,0,1,46,45,1,https://liberating.it/
https://liberating.it/cdn-cgi/l/email-protection,404,0,0,0,0,2,0,0,0,https://liberating.it/privacy-policy/
https://liberating.it/complessita/facilitazioni-complesse/,200,0,0,1,0,3,59,58,1,https://liberating.it/structures/improv-prototyping/
https://liberating.it/complessita/iniziare-subito/,200,0,2,4,0,1,64,63,1,https://liberating.it/
https://liberating.it/complessita/team-rodati/,200,0,0,8,0,3,68,67,1,https://liberating.it/structures/appreciative-interviews-ai/
https://liberating.it/complessita/trasformazioni-organizzative/,200,0,0,0,0,3,53,52,1,https://liberating.it/structures/user-experience-fishbowl/
https://liberating.it/design-thinking/define/,200,0,0,0,0,2,53,52,1,https://liberating.it/structures/w3-what-so-what-now-what/
https://liberating.it/design-thinking/design-thinking-cycle/,200,0,0,0,0,3,39,38,1,https://liberating.it/structures/panarchy/
https://liberating.it/design-thinking/design-thinking-cycle/10-principi-fondamentali-liberating-structures/,200,0,0,0,0,4,39,38,1,https://liberating.it/design-thinking/design-thinking-cycle/
https://liberating.it/design-thinking/design-thinking-cycle/10-principi-fondamentali-liberating-structures/10-principi-fondamentali-liberating-structures/,200,0,0,0,0,5,39,38,1,https://liberating.it/design-thinking/design-thinking-cycle/10-principi-fondamentali-liberating-structures/
https://liberating.it/design-thinking/design-thinking-cycle/10-principi-fondamentali-liberating-structures/complessita/iniziare-subito/,200,0,0,0,0,5,39,38,1,https://liberating.it/design-thinking/design-thinking-cycle/10-principi-fondamentali-liberating-structures/
https://liberating.it/design-thinking/design-thinking-cycle/10-principi-fondamentali-liberating-structures/per-bisogno/,200,0,0,0,0,5,39,38,1,https://liberating.it/design-thinking/design-thinking-cycle/10-principi-fondamentali-liberating-structures/
https://liberating.it/design-thinking/design-thinking-cycle/10-principi-fondamentali-liberating-structures/per-bisogno/analizzare-problemi/,200,0,0,0,0,5,39,38,1,https://liberating.it/design-thinking/design-thinking-cycle/10-principi-fondamentali-liberating-structures/
https://liberating.it/design-thinking/design-thinking-cycle/10-principi-fondamentali-liberating-structures/per-bisogno/fare-strategia/,200,0,0,0,0,5,39,38,1,https://liberating.it/design-thinking/design-thinking-cycle/10-principi-fondamentali-liberating-structures/
https://liberating.it/design-thinking/design-thinking-cycle/10-principi-fondamentali-liberating-structures/per-bisogno/generare-idee/,200,0,0,0,0,5,39,38,1,https://liberating.it/design-thinking/design-thinking-cycle/10-principi-fondamentali-liberating-structures/
https://liberating.it/design-thinking/design-thinking-cycle/10-principi-fondamentali-liberating-structures/per-bisogno/prendere-decisioni/,200,0,0,0,0,5,39,38,1,https://liberating.it/design-thinking/design-thinking-cycle/10-principi-fondamentali-liberating-structures/
https://liberating.it/design-thinking/design-thinking-cycle/10-principi-fondamentali-liberating-structures/privacy-policy/,200,0,0,0,0,5,39,38,1,https://liberating.it/design-thinking/design-thinking-cycle/10-principi-fondamentali-liberating-structures/
https://liberating.it/design-thinking/design-thinking-cycle/10-principi-fondamentali-liberating-structures/structures/,200,0,0,0,0,5,39,38,1,https://liberating.it/design-thinking/design-thinking-cycle/10-principi-fondamentali-liberating-structures/
https://liberating.it/design-thinking/design-thinking-cycle/10-principi-fondamentali-liberating-structures/structures/1-2-4-all/,200,0,0,0,0,5,39,38,1,https://liberating.it/design-thinking/design-thinking-cycle/10-principi-fondamentali-liberating-structures/
https://liberating.it/design-thinking/design-thinking-cycle/10-principi-fondamentali-liberating-structures/structures/15-solutions/,200,0,0,0,0,5,39,38,1,https://liberating.it/design-thinking/design-thinking-cycle/10-principi-fondamentali-liberating-structures/
https://liberating.it/design-thinking/design-thinking-cycle/10-principi-fondamentali-liberating-structures/structures/heard-seen-respected-hsr/,200,0,0,0,0,5,39,38,1,https://liberating.it/design-thinking/design-thinking-cycle/10-principi-fondamentali-liberating-structures/
https://liberating.it/design-thinking/design-thinking-cycle/10-principi-fondamentali-liberating-structures/structures/impromptu-networking/,200,0,0,0,0,5,39,38,1,https://liberating.it/design-thinking/design-thinking-cycle/10-principi-fondamentali-liberating-structures/
https://liberating.it/design-thinking/design-thinking-cycle/10-principi-fondamentali-liberating-structures/structures/w3-what-so-what-now-what/,200,0,0,0,0,5,39,38,1,https://liberating.it/design-thinking/design-thinking-cycle/10-principi-fondamentali-liberating-structures/
https://liberating.it/design-thinking/design-thinking-cycle/10-principi-fondamentali-liberating-structures/termini-di-servizio/,200,0,0,0,0,5,39,38,1,https://liberating.it/design-thinking/design-thinking-cycle/10-principi-fondamentali-liberating-structures/
https://liberating.it/design-thinking/design-thinking-cycle/complessita/iniziare-subito/,200,0,0,0,0,4,39,38,1,https://liberating.it/design-thinking/design-thinking-cycle/
https://liberating.it/design-thinking/design-thinking-cycle/per-bisogno/,200,0,0,0,0,4,39,38,1,https://liberating.it/design-thinking/design-thinking-cycle/
https://liberating.it/design-thinking/design-thinking-cycle/per-bisogno/10-principi-fondamentali-liberating-structures/,200,0,0,0,0,5,39,38,1,https://liberating.it/design-thinking/design-thinking-cycle/per-bisogno/
https://liberating.it/design-thinking/design-thinking-cycle/per-bisogno/analizzare-problemi/,200,0,0,0,0,4,39,38,1,https://liberating.it/design-thinking/design-thinking-cycle/
https://liberating.it/design-thinking/design-thinking-cycle/per-bisogno/complessita/iniziare-subito/,200,0,0,0,0,5,39,38,1,https://liberating.it/design-thinking/design-thinking-cycle/per-bisogno/
https://liberating.it/design-thinking/design-thinking-cycle/per-bisogno/fare-strategia/,200,0,0,0,0,4,39,38,1,https://liberating.it/design-thinking/design-thinking-cycle/
https://liberating.it/design-thinking/design-thinking-cycle/per-bisogno/generare-idee/,200,0,0,0,0,4,39,38,1,https://liberating.it/design-thinking/design-thinking-cycle/
https://liberating.it/design-thinking/design-thinking-cycle/per-bisogno/generare-idee/10-principi-fondamentali-liberating-structures/,200,0,0,0,0,5,39,38,1,https://liberating.it/design-thinking/design-thinking-cycle/per-bisogno/generare-idee/
https://liberating.it/design-thinking/design-thinking-cycle/per-bisogno/generare-idee/complessita/iniziare-subito/,200,0,0,0,0,5,39,38,1,https://liberating.it/design-thinking/design-thinking-cycle/per-bisogno/generare-idee/
https://liberating.it/design-thinking/design-thinking-cycle/per-bisogno/generare-idee/per-bisogno/,200,0,0,0,0,5,39,38,1,https://liberating.it/design-thinking/design-thinking-cycle/per-bisogno/generare-idee/
https://liberating.it/design-thinking/design-thinking-cycle/per-bisogno/generare-idee/per-bisogno/analizzare-problemi/,200,0,0,0,0,5,39,38,1,https://liberating.it/design-thinking/design-thinking-cycle/per-bisogno/generare-idee/
https://liberating.it/design-thinking/design-thinking-cycle/per-bisogno/generare-idee/per-bisogno/fare-strategia/,200,0,0,0,0,5,39,38,1,https://liberating.it/design-thinking/design-thinking-cycle/per-bisogno/generare-idee/
https://liberating.it/design-thinking/design-thinking-cycle/per-bisogno/generare-idee/per-bisogno/generare-idee/,200,0,0,0,0,5,39,38,1,https://liberating.it/design-thinking/design-thinking-cycle/per-bisogno/generare-idee/
https://liberating.it/design-thinking/design-thinking-cycle/per-bisogno/generare-idee/per-bisogno/prendere-decisioni/,200,0,0,0,0,5,39,38,1,https://liberating.it/design-thinking/design-thinking-cycle/per-bisogno/generare-idee/
https://liberating.it/design-thinking/design-thinking-cycle/per-bisogno/generare-idee/privacy-policy/,200,0,0,0,0,5,39,38,1,https://liberating.it/design-thinking/design-thinking-cycle/per-bisogno/generare-idee/
https://liberating.it/design-thinking/design-thinking-cycle/per-bisogno/generare-idee/structures/,200,0,0,0,0,5,39,38,1,https://liberating.it/design-thinking/design-thinking-cycle/per-bisogno/generare-idee/
https://liberating.it/design-thinking/design-thinking-cycle/per-bisogno/generare-idee/structures/1-2-4-all/,200,0,0,0,0,5,39,38,1,https://liberating.it/design-thinking/design-thinking-cycle/per-bisogno/generare-idee/
https://liberating.it/design-thinking/design-thinking-cycle/per-bisogno/generare-idee/structures/10-principi-fondamentali-liberating-structures/,200,0,0,0,0,6,39,38,1,https://liberating.it/design-thinking/design-thinking-cycle/per-bisogno/generare-idee/structures/
https://liberating.it/design-thinking/design-thinking-cycle/per-bisogno/generare-idee/structures/15-solutions/,200,0,0,0,0,5,39,38,1,https://liberating.it/design-thinking/design-thinking-cycle/per-bisogno/generare-idee/
https://liberating.it/design-thinking/design-thinking-cycle/per-bisogno/generare-idee/structures/complessita/iniziare-subito/,200,0,0,0,0,6,39,38,1,https://liberating.it/design-thinking/design-thinking-cycle/per-bisogno/generare-idee/structures/
https://liberating.it/design-thinking/design-thinking-cycle/per-bisogno/generare-idee/structures/heard-seen-respected-hsr/,200,0,0,0,0,5,39,38,1,https://liberating.it/design-thinking/design-thinking-cycle/per-bisogno/generare-idee/
https://liberating.it/design-thinking/design-thinking-cycle/per-bisogno/generare-idee/structures/impromptu-networking/,200,0,0,0,0,5,39,38,1,https://liberating.it/design-thinking/design-thinking-cycle/per-bisogno/generare-idee/
https://liberating.it/design-thinking/design-thinking-cycle/per-bisogno/generare-idee/structures/per-bisogno/,200,0,0,0,0,6,39,38,1,https://liberating.it/design-thinking/design-thinking-cycle/per-bisogno/generare-idee/structures/
https://liberating.it/design-thinking/design-thinking-cycle/per-bisogno/generare-idee/structures/per-bisogno/analizzare-problemi/,200,0,0,0,0,6,39,38,1,https://liberating.it/design-thinking/design-thinking-cycle/per-bisogno/generare-idee/structures/
https://liberating.it/design-thinking/design-thinking-cycle/per-bisogno/generare-idee/structures/per-bisogno/fare-strategia/,200,0,0,0,0,6,39,38,1,https://liberating.it/design-thinking/design-thinking-cycle/per-bisogno/generare-idee/structures/
https://liberating.it/design-thinking/design-thinking-cycle/per-bisogno/generare-idee/structures/per-bisogno/generare-idee/,200,0,0,0,0,6,39,38,1,https://liberating.it/design-thinking/design-thinking-cycle/per-bisogno/generare-idee/structures/
https://liberating.it/design-thinking/design-thinking-cycle/per-bisogno/generare-idee/structures/per-bisogno/prendere-decisioni/,200,0,0,0,0,6,39,38,1,https://liberating.it/design-thinking/design-thinking-cycle/per-bisogno/generare-idee/structures/
https://liberating.it/design-thinking/design-thinking-cycle/per-bisogno/generare-idee/structures/privacy-policy/,200,0,0,0,0,6,39,38,1,https://liberating.it/design-thinking/design-thinking-cycle/per-bisogno/generare-idee/structures/
https://liberating.it/design-thinking/design-thinking-cycle/per-bisogno/generare-idee/structures/structures/,200,0,0,0,0,6,39,38,1,https://liberating.it/design-thinking/design-thinking-cycle/per-bisogno/generare-idee/structures/
https://liberating.it/design-thinking/design-thinking-cycle/per-bisogno/generare-idee/structures/structures/1-2-4-all/,200,0,0,0,0,6,39,38,1,https://liberating.it/design-thinking/design-thinking-cycle/per-bisogno/generare-idee/structures/
https://liberating.it/design-thinking/design-thinking-cycle/per-bisogno/generare-idee/structures/structures/15-solutions/,200,0,0,0,0,6,39,38,1,https://liberating.it/design-thinking/design-thinking-cycle/per-bisogno/generare-idee/structures/
https://liberating.it/design-thinking/design-thinking-cycle/per-bisogno/generare-idee/structures/structures/heard-seen-respected-hsr/,200,0,0,0,0,6,39,38,1,https://liberating.it/design-thinking/design-thinking-cycle/per-bisogno/generare-idee/structures/
https://liberating.it/design-thinking/design-thinking-cycle/per-bisogno/generare-idee/structures/structures/impromptu-networking/,200,0,0,0,0,6,39,38,1,https://liberating.it/design-thinking/design-thinking-cycle/per-bisogno/generare-idee/structures/
https://liberating.it/design-thinking/design-thinking-cycle/per-bisogno/generare-idee/structures/structures/w3-what-so-what-now-what/,200,0,0,0,0,6,39,38,1,https://liberating.it/design-thinking/design-thinking-cycle/per-bisogno/generare-idee/structures/
https://liberating.it/design-thinking/design-thinking-cycle/per-bisogno/generare-idee/structures/termini-di-servizio/,200,0,0,0,0,6,39,38,1,https://liberating.it/design-thinking/design-thinking-cycle/per-bisogno/generare-idee/structures/
https://liberating.it/design-thinking/design-thinking-cycle/per-bisogno/generare-idee/structures/w3-what-so-what-now-what/,200,0,0,0,0,5,39,38,1,https://liberating.it/design-thinking/design-thinking-cycle/per-bisogno/generare-idee/
https://liberating.it/design-thinking/design-thinking-cycle/per-bisogno/generare-idee/termini-di-servizio/,200,0,0,0,0,5,39,38,1,https://liberating.it/design-thinking/design-thinking-cycle/per-bisogno/generare-idee/
https://liberating.it/design-thinking/design-thinking-cycle/per-bisogno/generare-idee/termini-di-servizio/10-principi-fondamentali-liberating-structures/,200,0,0,0,0,6,39,38,1,https://liberating.it/design-thinking/design-thinking-cycle/per-bisogno/generare-idee/termini-di-servizio/
https://liberating.it/design-thinking/design-thinking-cycle/per-bisogno/generare-idee/termini-di-servizio/complessita/iniziare-subito/,200,0,0,0,0,6,39,38,1,https://liberating.it/design-thinking/design-thinking-cycle/per-bisogno/generare-idee/termini-di-servizio/
https://liberating.it/design-thinking/design-thinking-cycle/per-bisogno/generare-idee/termini-di-servizio/per-bisogno/,200,0,0,0,0,6,39,38,1,https://liberating.it/design-thinking/design-thinking-cycle/per-bisogno/generare-idee/termini-di-servizio/
https://liberating.it/design-thinking/design-thinking-cycle/per-bisogno/generare-idee/termini-di-servizio/per-bisogno/analizzare-problemi/,200,0,0,0,0,6,39,38,1,https://liberating.it/design-thinking/design-thinking-cycle/per-bisogno/generare-idee/termini-di-servizio/
https://liberating.it/design-thinking/design-thinking-cycle/per-bisogno/generare-idee/termini-di-servizio/per-bisogno/fare-strategia/,200,0,0,0,0,6,39,38,1,https://liberating.it/design-thinking/design-thinking-cycle/per-bisogno/generare-idee/termini-di-servizio/
https://liberating.it/design-thinking/design-thinking-cycle/per-bisogno/generare-idee/termini-di-servizio/per-bisogno/generare-idee/,200,0,0,0,0,6,39,38,1,https://liberating.it/design-thinking/design-thinking-cycle/per-bisogno/generare-idee/termini-di-servizio/
https://liberating.it/design-thinking/design-thinking-cycle/per-bisogno/generare-idee/termini-di-servizio/per-bisogno/prendere-decisioni/,200,0,0,0,0,6,39,38,1,https://liberating.it/design-thinking/design-thinking-cycle/per-bisogno/generare-idee/termini-di-servizio/
https://liberating.it/design-thinking/design-thinking-cycle/per-bisogno/generare-idee/termini-di-servizio/privacy-policy/,200,0,0,0,0,6,39,38,1,https://liberating.it/design-thinking/design-thinking-cycle/per-bisogno/generare-idee/termini-di-servizio/
https://liberating.it/design-thinking/design-thinking-cycle/per-bisogno/generare-idee/termini-di-servizio/structures/,200,0,0,0,0,6,39,38,1,https://liberating.it/design-thinking/design-thinking-cycle/per-bisogno/generare-idee/termini-di-servizio/
https://liberating.it/design-thinking/design-thinking-cycle/per-bisogno/generare-idee/termini-di-servizio/structures/15-solutions/,200,0,0,0,0,6,39,38,1,https://liberating.it/design-thinking/design-thinking-cycle/per-bisogno/generare-idee/termini-di-servizio/
https://liberating.it/design-thinking/design-thinking-cycle/per-bisogno/generare-idee/termini-di-servizio/structures/heard-seen-respected-hsr/,200,0,0,0,0,6,39,38,1,https://liberating.it/design-thinking/design-thinking-cycle/per-bisogno/generare-idee/termini-di-servizio/
https://liberating.it/design-thinking/design-thinking-cycle/per-bisogno/generare-idee/termini-di-servizio/structures/impromptu-networking/,200,0,0,0,0,6,39,38,1,https://liberating.it/design-thinking/design-thinking-cycle/per-bisogno/generare-idee/termini-di-servizio/
https://liberating.it/design-thinking/design-thinking-cycle/per-bisogno/generare-idee/termini-di-servizio/structures/w3-what-so-what-now-what/,200,0,0,0,0,6,39,38,1,https://liberating.it/design-thinking/design-thinking-cycle/per-bisogno/generare-idee/termini-di-servizio/
https://liberating.it/design-thinking/design-thinking-cycle/per-bisogno/generare-idee/termini-di-servizio/termini-di-servizio/,200,0,0,0,0,6,39,38,1,https://liberating.it/design-thinking/design-thinking-cycle/per-bisogno/generare-idee/termini-di-servizio/
https://liberating.it/design-thinking/design-thinking-cycle/per-bisogno/per-bisogno/,200,0,0,0,0,5,39,38,1,https://liberating.it/design-thinking/design-thinking-cycle/per-bisogno/
https://liberating.it/design-thinking/design-thinking-cycle/per-bisogno/per-bisogno/analizzare-problemi/,200,0,0,0,0,5,39,38,1,https://liberating.it/design-thinking/design-thinking-cycle/per-bisogno/
https://liberating.it/design-thinking/design-thinking-cycle/per-bisogno/per-bisogno/fare-strategia/,200,0,0,0,0,5,39,38,1,https://liberating.it/design-thinking/design-thinking-cycle/per-bisogno/
https://liberating.it/design-thinking/design-thinking-cycle/per-bisogno/per-bisogno/generare-idee/,200,0,0,0,0,5,39,38,1,https://liberating.it/design-thinking/design-thinking-cycle/per-bisogno/
https://liberating.it/design-thinking/design-thinking-cycle/per-bisogno/per-bisogno/prendere-decisioni/,200,0,0,0,0,5,39,38,1,https://liberating.it/design-thinking/design-thinking-cycle/per-bisogno/
https://liberating.it/design-thinking/design-thinking-cycle/per-bisogno/prendere-decisioni/,200,0,0,0,0,4,39,38,1,https://liberating.it/design-thinking/design-thinking-cycle/
https://liberating.it/design-thinking/design-thinking-cycle/per-bisogno/prendere-decisioni/10-principi-fondamentali-liberating-structures/,200,0,0,0,0,5,39,38,1,https://liberating.it/design-thinking/design-thinking-cycle/per-bisogno/prendere-decisioni/
https://liberating.it/design-thinking/design-thinking-cycle/per-bisogno/prendere-decisioni/complessita/iniziare-subito/,200,0,0,0,0,5,39,38,1,https://liberating.it/design-thinking/design-thinking-cycle/per-bisogno/prendere-decisioni/
https://liberating.it/design-thinking/design-thinking-cycle/per-bisogno/prendere-decisioni/per-bisogno/,200,0,0,0,0,5,39,38,1,https://liberating.it/design-thinking/design-thinking-cycle/per-bisogno/prendere-decisioni/
https://liberating.it/design-thinking/design-thinking-cycle/per-bisogno/prendere-decisioni/per-bisogno/analizzare-problemi/,200,0,0,0,0,5,39,38,1,https://liberating.it/design-thinking/design-thinking-cycle/per-bisogno/prendere-decisioni/
https://liberating.it/design-thinking/design-thinking-cycle/per-bisogno/prendere-decisioni/per-bisogno/fare-strategia/,200,0,0,0,0,5,39,38,1,https://liberating.it/design-thinking/design-thinking-cycle/per-bisogno/prendere-decisioni/
https://liberating.it/design-thinking/design-thinking-cycle/per-bisogno/prendere-decisioni/per-bisogno/generare-idee/,200,0,0,0,0,5,39,38,1,https://liberating.it/design-thinking/design-thinking-cycle/per-bisogno/prendere-decisioni/
https://liberating.it/design-thinking/design-thinking-cycle/per-bisogno/prendere-decisioni/per-bisogno/prendere-decisioni/,200,0,0,0,0,5,39,38,1,https://liberating.it/design-thinking/design-thinking-cycle/per-bisogno/prendere-decisioni/
https://liberating.it/design-thinking/design-thinking-cycle/per-bisogno/prendere-decisioni/privacy-policy/,200,0,0,0,0,5,39,38,1,https://liberating.it/design-thinking/design-thinking-cycle/per-bisogno/prendere-decisioni/
https://liberating.it/design-thinking/design-thinking-cycle/per-bisogno/prendere-decisioni/structures/,200,0,0,0,0,5,39,38,1,https://liberating.it/design-thinking/design-thinking-cycle/per-bisogno/prendere-decisioni/
https://liberating.it/design-thinking/design-thinking-cycle/per-bisogno/prendere-decisioni/structures/1-2-4-all/,200,0,0,0,0,5,39,38,1,https://liberating.it/design-thinking/design-thinking-cycle/per-bisogno/prendere-decisioni/
https://liberating.it/design-thinking/design-thinking-cycle/per-bisogno/prendere-decisioni/structures/15-solutions/,200,0,0,0,0,5,39,38,1,https://liberating.it/design-thinking/design-thinking-cycle/per-bisogno/prendere-decisioni/
https://liberating.it/design-thinking/design-thinking-cycle/per-bisogno/prendere-decisioni/structures/heard-seen-respected-hsr/,200,0,0,0,0,5,39,38,1,https://liberating.it/design-thinking/design-thinking-cycle/per-bisogno/prendere-decisioni/
https://liberating.it/design-thinking/design-thinking-cycle/per-bisogno/prendere-decisioni/structures/impromptu-networking/,200,0,0,0,0,5,39,38,1,https://liberating.it/design-thinking/design-thinking-cycle/per-bisogno/prendere-decisioni/
https://liberating.it/design-thinking/design-thinking-cycle/per-bisogno/prendere-decisioni/structures/w3-what-so-what-now-what/,200,0,0,0,0,5,39,38,1,https://liberating.it/design-thinking/design-thinking-cycle/per-bisogno/prendere-decisioni/
https://liberating.it/design-thinking/design-thinking-cycle/per-bisogno/prendere-decisioni/termini-di-servizio/,200,0,0,0,0,5,39,38,1,https://liberating.it/design-thinking/design-thinking-cycle/per-bisogno/prendere-decisioni/
https://liberating.it/design-thinking/design-thinking-cycle/per-bisogno/privacy-policy/,200,0,0,0,0,5,39,38,1,https://liberating.it/design-thinking/design-thinking-cycle/per-bisogno/
https://liberating.it/design-thinking/design-thinking-cycle/per-bisogno/structures/,200,0,0,0,0,5,39,38,1,https://liberating.it/design-thinking/design-thinking-cycle/per-bisogno/
https://liberating.it/design-thinking/design-thinking-cycle/per-bisogno/structures/1-2-4-all/,200,0,0,0,0,5,39,38,1,https://liberating.it/design-thinking/design-thinking-cycle/per-bisogno/
https://liberating.it/design-thinking/design-thinking-cycle/per-bisogno/structures/15-solutions/,200,0,0,0,0,5,39,38,1,https://liberating.it/design-thinking/design-thinking-cycle/per-bisogno/
https://liberating.it/design-thinking/design-thinking-cycle/per-bisogno/structures/heard-seen-respected-hsr/,200,0,0,0,0,5,39,38,1,https://liberating.it/design-thinking/design-thinking-cycle/per-bisogno/
https://liberating.it/design-thinking/design-thinking-cycle/per-bisogno/structures/impromptu-networking/,200,0,0,0,0,5,39,38,1,https://liberating.it/design-thinking/design-thinking-cycle/per-bisogno/
https://liberating.it/design-thinking/design-thinking-cycle/per-bisogno/structures/w3-what-so-what-now-what/,200,0,0,0,0,5,39,38,1,https://liberating.it/design-thinking/design-thinking-cycle/per-bisogno/
https://liberating.it/design-thinking/design-thinking-cycle/per-bisogno/termini-di-servizio/,200,0,0,0,0,5,39,38,1,https://liberating.it/design-thinking/design-thinking-cycle/per-bisogno/
https://liberating.it/design-thinking/design-thinking-cycle/privacy-policy/,200,0,0,0,0,4,39,38,1,https://liberating.it/design-thinking/design-thinking-cycle/
https://liberating.it/design-thinking/design-thinking-cycle/structures/,200,0,0,0,0,4,39,38,1,https://liberating.it/design-thinking/design-thinking-cycle/
https://liberating.it/design-thinking/design-thinking-cycle/structures/1-2-4-all/,200,0,0,0,0,4,39,38,1,https://liberating.it/design-thinking/design-thinking-cycle/
https://liberating.it/design-thinking/design-thinking-cycle/structures/1-2-4-all/10-principi-fondamentali-liberating-structures/,200,0,0,0,0,5,39,38,1,https://liberating.it/design-thinking/design-thinking-cycle/structures/1-2-4-all/
https://liberating.it/design-thinking/design-thinking-cycle/structures/1-2-4-all/complessita/iniziare-subito/,200,0,0,0,0,5,39,38,1,https://liberating.it/design-thinking/design-thinking-cycle/structures/1-2-4-all/
https://liberating.it/design-thinking/design-thinking-cycle/structures/1-2-4-all/per-bisogno/,200,0,0,0,0,5,39,38,1,https://liberating.it/design-thinking/design-thinking-cycle/structures/1-2-4-all/
https://liberating.it/design-thinking/design-thinking-cycle/structures/1-2-4-all/per-bisogno/analizzare-problemi/,200,0,0,0,0,5,39,38,1,https://liberating.it/design-thinking/design-thinking-cycle/structures/1-2-4-all/
https://liberating.it/design-thinking/design-thinking-cycle/structures/1-2-4-all/per-bisogno/fare-strategia/,200,0,0,0,0,5,39,38,1,https://liberating.it/design-thinking/design-thinking-cycle/structures/1-2-4-all/
https://liberating.it/design-thinking/design-thinking-cycle/structures/1-2-4-all/per-bisogno/generare-idee/,200,0,0,0,0,5,39,38,1,https://liberating.it/design-thinking/design-thinking-cycle/structures/1-2-4-all/
https://liberating.it/design-thinking/design-thinking-cycle/structures/1-2-4-all/per-bisogno/prendere-decisioni/,200,0,0,0,0,5,39,38,1,https://liberating.it/design-thinking/design-thinking-cycle/structures/1-2-4-all/
https://liberating.it/design-thinking/design-thinking-cycle/structures/1-2-4-all/privacy-policy/,200,0,0,0,0,5,39,38,1,https://liberating.it/design-thinking/design-thinking-cycle/structures/1-2-4-all/
https://liberating.it/design-thinking/design-thinking-cycle/structures/1-2-4-all/structures/,200,0,0,0,0,5,39,38,1,https://liberating.it/design-thinking/design-thinking-cycle/structures/1-2-4-all/
https://liberating.it/design-thinking/design-thinking-cycle/structures/1-2-4-all/structures/1-2-4-all/,200,0,0,0,0,5,39,38,1,https://liberating.it/design-thinking/design-thinking-cycle/structures/1-2-4-all/
https://liberating.it/design-thinking/design-thinking-cycle/structures/1-2-4-all/structures/15-solutions/,200,0,0,0,0,5,39,38,1,https://liberating.it/design-thinking/design-thinking-cycle/structures/1-2-4-all/
https://liberating.it/design-thinking/design-thinking-cycle/structures/1-2-4-all/structures/heard-seen-respected-hsr/,200,0,0,0,0,5,39,38,1,https://liberating.it/design-thinking/design-thinking-cycle/structures/1-2-4-all/
https://liberating.it/design-thinking/design-thinking-cycle/structures/1-2-4-all/structures/impromptu-networking/,200,0,0,0,0,5,39,38,1,https://liberating.it/design-thinking/design-thinking-cycle/structures/1-2-4-all/
https://liberating.it/design-thinking/design-thinking-cycle/structures/1-2-4-all/structures/w3-what-so-what-now-what/,200,0,0,0,0,5,39,38,1,https://liberating.it/design-thinking/design-thinking-cycle/structures/1-2-4-all/
https://liberating.it/design-thinking/design-thinking-cycle/structures/1-2-4-all/termini-di-servizio/,200,0,0,0,0,5,39,38,1,https://liberating.it/design-thinking/design-thinking-cycle/structures/1-2-4-all/
https://liberating.it/design-thinking/design-thinking-cycle/structures/10-principi-fondamentali-liberating-structures/,200,0,0,0,0,5,39,38,1,https://liberating.it/design-thinking/design-thinking-cycle/structures/
https://liberating.it/design-thinking/design-thinking-cycle/structures/15-solutions/,200,0,0,0,0,4,39,38,1,https://liberating.it/design-thinking/design-thinking-cycle/
https://liberating.it/design-thinking/design-thinking-cycle/structures/15-solutions/10-principi-fondamentali-liberating-structures/,200,0,0,0,0,5,39,38,1,https://liberating.it/design-thinking/design-thinking-cycle/structures/15-solutions/
https://liberating.it/design-thinking/design-thinking-cycle/structures/15-solutions/complessita/iniziare-subito/,200,0,0,0,0,5,39,38,1,https://liberating.it/design-thinking/design-thinking-cycle/structures/15-solutions/
https://liberating.it/design-thinking/design-thinking-cycle/structures/15-solutions/per-bisogno/,200,0,0,0,0,5,39,38,1,https://liberating.it/design-thinking/design-thinking-cycle/structures/15-solutions/
https://liberating.it/design-thinking/design-thinking-cycle/structures/15-solutions/per-bisogno/analizzare-problemi/,200,0,0,0,0,5,39,38,1,https://liberating.it/design-thinking/design-thinking-cycle/structures/15-solutions/
https://liberating.it/design-thinking/design-thinking-cycle/structures/15-solutions/per-bisogno/fare-strategia/,200,0,0,0,0,5,39,38,1,https://liberating.it/design-thinking/design-thinking-cycle/structures/15-solutions/
https://liberating.it/design-thinking/design-thinking-cycle/structures/15-solutions/per-bisogno/generare-idee/,200,0,0,0,0,5,39,38,1,https://liberating.it/design-thinking/design-thinking-cycle/structures/15-solutions/
https://liberating.it/design-thinking/design-thinking-cycle/structures/15-solutions/per-bisogno/prendere-decisioni/,200,0,0,0,0,5,39,38,1,https://liberating.it/design-thinking/design-thinking-cycle/structures/15-solutions/
https://liberating.it/design-thinking/design-thinking-cycle/structures/15-solutions/privacy-policy/,200,0,0,0,0,5,39,38,1,https://liberating.it/design-thinking/design-thinking-cycle/structures/15-solutions/
https://liberating.it/design-thinking/design-thinking-cycle/structures/15-solutions/structures/,200,0,0,0,0,5,39,38,1,https://liberating.it/design-thinking/design-thinking-cycle/structures/15-solutions/
https://liberating.it/design-thinking/design-thinking-cycle/structures/15-solutions/structures/1-2-4-all/,200,0,0,0,0,5,39,38,1,https://liberating.it/design-thinking/design-thinking-cycle/structures/15-solutions/
https://liberating.it/design-thinking/design-thinking-cycle/structures/15-solutions/structures/15-solutions/,200,0,0,0,0,5,39,38,1,https://liberating.it/design-thinking/design-thinking-cycle/structures/15-solutions/
https://liberating.it/design-thinking/design-thinking-cycle/structures/15-solutions/structures/heard-seen-respected-hsr/,200,0,0,0,0,5,39,38,1,https://liberating.it/design-thinking/design-thinking-cycle/structures/15-solutions/
https://liberating.it/design-thinking/design-thinking-cycle/structures/15-solutions/structures/impromptu-networking/,200,0,0,0,0,5,39,38,1,https://liberating.it/design-thinking/design-thinking-cycle/structures/15-solutions/
https://liberating.it/design-thinking/design-thinking-cycle/structures/15-solutions/structures/w3-what-so-what-now-what/,200,0,0,0,0,5,39,38,1,https://liberating.it/design-thinking/design-thinking-cycle/structures/15-solutions/
https://liberating.it/design-thinking/design-thinking-cycle/structures/15-solutions/termini-di-servizio/,200,0,0,0,0,5,39,38,1,https://liberating.it/design-thinking/design-thinking-cycle/structures/15-solutions/
https://liberating.it/design-thinking/design-thinking-cycle/structures/complessita/iniziare-subito/,200,0,0,0,0,5,39,38,1,https://liberating.it/design-thinking/design-thinking-cycle/structures/
https://liberating.it/design-thinking/design-thinking-cycle/structures/complessita/iniziare-subito/10-principi-fondamentali-liberating-structures/,200,0,0,0,0,6,39,38,1,https://liberating.it/design-thinking/design-thinking-cycle/structures/complessita/iniziare-subito/
https://liberating.it/design-thinking/design-thinking-cycle/structures/complessita/iniziare-subito/complessita/iniziare-subito/,200,0,0,0,0,6,39,38,1,https://liberating.it/design-thinking/design-thinking-cycle/structures/complessita/iniziare-subito/
https://liberating.it/design-thinking/design-thinking-cycle/structures/complessita/iniziare-subito/per-bisogno/,200,0,0,0,0,6,39,38,1,https://liberating.it/design-thinking/design-thinking-cycle/structures/complessita/iniziare-subito/
https://liberating.it/design-thinking/design-thinking-cycle/structures/complessita/iniziare-subito/per-bisogno/analizzare-problemi/,200,0,0,0,0,6,39,38,1,https://liberating.it/design-thinking/design-thinking-cycle/structures/complessita/iniziare-subito/
https://liberating.it/design-thinking/design-thinking-cycle/structures/complessita/iniziare-subito/per-bisogno/fare-strategia/,200,0,0,0,0,6,39,38,1,https://liberating.it/design-thinking/design-thinking-cycle/structures/complessita/iniziare-subito/
https://liberating.it/design-thinking/design-thinking-cycle/structures/complessita/iniziare-subito/per-bisogno/generare-idee/,200,0,0,0,0,6,39,38,1,https://liberating.it/design-thinking/design-thinking-cycle/structures/complessita/iniziare-subito/
https://liberating.it/design-thinking/design-thinking-cycle/structures/complessita/iniziare-subito/per-bisogno/prendere-decisioni/,200,0,0,0,0,6,39,38,1,https://liberating.it/design-thinking/design-thinking-cycle/structures/complessita/iniziare-subito/
https://liberating.it/design-thinking/design-thinking-cycle/structures/complessita/iniziare-subito/privacy-policy/,200,0,0,0,0,6,39,38,1,https://liberating.it/design-thinking/design-thinking-cycle/structures/complessita/iniziare-subito/
https://liberating.it/design-thinking/design-thinking-cycle/structures/complessita/iniziare-subito/structures/,200,0,0,0,0,6,39,38,1,https://liberating.it/design-thinking/design-thinking-cycle/structures/complessita/iniziare-subito/
https://liberating.it/design-thinking/design-thinking-cycle/structures/complessita/iniziare-subito/structures/1-2-4-all/,200,0,0,0,0,6,39,38,1,https://liberating.it/design-thinking/design-thinking-cycle/structures/complessita/iniziare-subito/
https://liberating.it/design-thinking/design-thinking-cycle/structures/complessita/iniziare-subito/structures/15-solutions/,200,0,0,0,0,6,39,38,1,https://liberating.it/design-thinking/design-thinking-cycle/structures/complessita/iniziare-subito/
https://liberating.it/design-thinking/design-thinking-cycle/structures/complessita/iniziare-subito/structures/impromptu-networking/,200,0,0,0,0,6,39,38,1,https://liberating.it/design-thinking/design-thinking-cycle/structures/complessita/iniziare-subito/
https://liberating.it/design-thinking/design-thinking-cycle/structures/complessita/iniziare-subito/structures/w3-what-so-what-now-what/,200,0,0,0,0,6,39,38,1,https://liberating.it/design-thinking/design-thinking-cycle/structures/complessita/iniziare-subito/
https://liberating.it/design-thinking/design-thinking-cycle/structures/complessita/iniziare-subito/termini-di-servizio/,200,0,0,0,0,6,39,38,1,https://liberating.it/design-thinking/design-thinking-cycle/structures/complessita/iniziare-subito/
https://liberating.it/design-thinking/design-thinking-cycle/structures/heard-seen-respected-hsr/,200,0,0,0,0,4,39,38,1,https://liberating.it/design-thinking/design-thinking-cycle/
https://liberating.it/design-thinking/design-thinking-cycle/structures/impromptu-networking/,200,0,0,0,0,4,39,38,1,https://liberating.it/design-thinking/design-thinking-cycle/
https://liberating.it/design-thinking/design-thinking-cycle/structures/impromptu-networking/10-principi-fondamentali-liberating-structures/,200,0,0,0,0,5,39,38,1,https://liberating.it/design-thinking/design-thinking-cycle/structures/impromptu-networking/
https://liberating.it/design-thinking/design-thinking-cycle/structures/impromptu-networking/complessita/iniziare-subito/,200,0,0,0,0,5,39,38,1,https://liberating.it/design-thinking/design-thinking-cycle/structures/impromptu-networking/
https://liberating.it/design-thinking/design-thinking-cycle/structures/impromptu-networking/per-bisogno/,200,0,0,0,0,5,39,38,1,https://liberating.it/design-thinking/design-thinking-cycle/structures/impromptu-networking/
https://liberating.it/design-thinking/design-thinking-cycle/structures/impromptu-networking/per-bisogno/analizzare-problemi/,200,0,0,0,0,5,39,38,1,https://liberating.it/design-thinking/design-thinking-cycle/structures/impromptu-networking/
https://liberating.it/design-thinking/design-thinking-cycle/structures/impromptu-networking/per-bisogno/fare-strategia/,200,0,0,0,0,5,39,38,1,https://liberating.it/design-thinking/design-thinking-cycle/structures/impromptu-networking/
https://liberating.it/design-thinking/design-thinking-cycle/structures/impromptu-networking/per-bisogno/generare-idee/,200,0,0,0,0,5,39,38,1,https://liberating.it/design-thinking/design-thinking-cycle/structures/impromptu-networking/
https://liberating.it/design-thinking/design-thinking-cycle/structures/impromptu-networking/per-bisogno/prendere-decisioni/,200,0,0,0,0,5,39,38,1,https://liberating.it/design-thinking/design-thinking-cycle/structures/impromptu-networking/
https://liberating.it/design-thinking/design-thinking-cycle/structures/impromptu-networking/privacy-policy/,200,0,0,0,0,5,39,38,1,https://liberating.it/design-thinking/design-thinking-cycle/structures/impromptu-networking/
https://liberating.it/design-thinking/design-thinking-cycle/structures/impromptu-networking/structures/,200,0,0,0,0,5,39,38,1,https://liberating.it/design-thinking/design-thinking-cycle/structures/impromptu-networking/
https://liberating.it/design-thinking/design-thinking-cycle/structures/impromptu-networking/structures/1-2-4-all/,200,0,0,0,0,5,39,38,1,https://liberating.it/design-thinking/design-thinking-cycle/structures/impromptu-networking/
https://liberating.it/design-thinking/design-thinking-cycle/structures/impromptu-networking/structures/15-solutions/,200,0,0,0,0,5,39,38,1,https://liberating.it/design-thinking/design-thinking-cycle/structures/impromptu-networking/
https://liberating.it/design-thinking/design-thinking-cycle/structures/impromptu-networking/structures/heard-seen-respected-hsr/,200,0,0,0,0,5,39,38,1,https://liberating.it/design-thinking/design-thinking-cycle/structures/impromptu-networking/
https://liberating.it/design-thinking/design-thinking-cycle/structures/impromptu-networking/structures/impromptu-networking/,200,0,0,0,0,5,39,38,1,https://liberating.it/design-thinking/design-thinking-cycle/structures/impromptu-networking/
https://liberating.it/design-thinking/design-thinking-cycle/structures/impromptu-networking/structures/w3-what-so-what-now-what/,200,0,0,0,0,5,39,38,1,https://liberating.it/design-thinking/design-thinking-cycle/structures/impromptu-networking/
https://liberating.it/design-thinking/design-thinking-cycle/structures/impromptu-networking/termini-di-servizio/,200,0,0,0,0,5,39,38,1,https://liberating.it/design-thinking/design-thinking-cycle/structures/impromptu-networking/
https://liberating.it/design-thinking/design-thinking-cycle/structures/per-bisogno/,200,0,0,0,0,5,39,38,1,https://liberating.it/design-thinking/design-thinking-cycle/structures/
https://liberating.it/design-thinking/design-thinking-cycle/structures/per-bisogno/analizzare-problemi/,200,0,0,0,0,5,39,38,1,https://liberating.it/design-thinking/design-thinking-cycle/structures/
https://liberating.it/design-thinking/design-thinking-cycle/structures/per-bisogno/fare-strategia/,200,0,0,0,0,5,39,38,1,https://liberating.it/design-thinking/design-thinking-cycle/structures/
https://liberating.it/design-thinking/design-thinking-cycle/structures/per-bisogno/fare-strategia/10-principi-fondamentali-liberating-structures/,200,0,0,0,0,6,39,38,1,https://liberating.it/design-thinking/design-thinking-cycle/structures/per-bisogno/fare-strategia/
https://liberating.it/design-thinking/design-thinking-cycle/structures/per-bisogno/fare-strategia/complessita/iniziare-subito/,200,0,0,0,0,6,39,38,1,https://liberating.it/design-thinking/design-thinking-cycle/structures/per-bisogno/fare-strategia/
https://liberating.it/design-thinking/design-thinking-cycle/structures/per-bisogno/fare-strategia/per-bisogno/,200,0,0,0,0,6,39,38,1,https://liberating.it/design-thinking/design-thinking-cycle/structures/per-bisogno/fare-strategia/
https://liberating.it/design-thinking/design-thinking-cycle/structures/per-bisogno/fare-strategia/per-bisogno/analizzare-problemi/,200,0,0,0,0,6,39,38,1,https://liberating.it/design-thinking/design-thinking-cycle/structures/per-bisogno/fare-strategia/
https://liberating.it/design-thinking/design-thinking-cycle/structures/per-bisogno/fare-strategia/per-bisogno/fare-strategia/,200,0,0,0,0,6,39,38,1,https://liberating.it/design-thinking/design-thinking-cycle/structures/per-bisogno/fare-strategia/
https://liberating.it/design-thinking/design-thinking-cycle/structures/per-bisogno/fare-strategia/per-bisogno/generare-idee/,200,0,0,0,0,6,39,38,1,https://liberating.it/design-thinking/design-thinking-cycle/structures/per-bisogno/fare-strategia/
https://liberating.it/design-thinking/design-thinking-cycle/structures/per-bisogno/fare-strategia/per-bisogno/prendere-decisioni/,200,0,0,0,0,6,39,38,1,https://liberating.it/design-thinking/design-thinking-cycle/structures/per-bisogno/fare-strategia/
https://liberating.it/design-thinking/design-thinking-cycle/structures/per-bisogno/fare-strategia/privacy-policy/,200,0,0,0,0,6,39,38,1,https://liberating.it/design-thinking/design-thinking-cycle/structures/per-bisogno/fare-strategia/
https://liberating.it/design-thinking/design-thinking-cycle/structures/per-bisogno/fare-strategia/structures/,200,0,0,0,0,6,39,38,1,https://liberating.it/design-thinking/design-thinking-cycle/structures/per-bisogno/fare-strategia/
https://liberating.it/design-thinking/design-thinking-cycle/structures/per-bisogno/fare-strategia/structures/1-2-4-all/,200,0,0,0,0,6,39,38,1,https://liberating.it/design-thinking/design-thinking-cycle/structures/per-bisogno/fare-strategia/
https://liberating.it/design-thinking/design-thinking-cycle/structures/per-bisogno/fare-strategia/structures/15-solutions/,200,0,0,0,0,6,39,38,1,https://liberating.it/design-thinking/design-thinking-cycle/structures/per-bisogno/fare-strategia/
https://liberating.it/design-thinking/design-thinking-cycle/structures/per-bisogno/fare-strategia/structures/heard-seen-respected-hsr/,200,0,0,0,0,6,39,38,1,https://liberating.it/design-thinking/design-thinking-cycle/structures/per-bisogno/fare-strategia/
https://liberating.it/design-thinking/design-thinking-cycle/structures/per-bisogno/fare-strategia/structures/impromptu-networking/,200,0,0,0,0,6,39,38,1,https://liberating.it/design-thinking/design-thinking-cycle/structures/per-bisogno/fare-strategia/
https://liberating.it/design-thinking/design-thinking-cycle/structures/per-bisogno/fare-strategia/structures/w3-what-so-what-now-what/,200,0,0,0,0,6,39,38,1,https://liberating.it/design-thinking/design-thinking-cycle/structures/per-bisogno/fare-strategia/
https://liberating.it/design-thinking/design-thinking-cycle/structures/per-bisogno/fare-strategia/termini-di-servizio/,200,0,0,0,0,6,39,38,1,https://liberating.it/design-thinking/design-thinking-cycle/structures/per-bisogno/fare-strategia/
https://liberating.it/design-thinking/design-thinking-cycle/structures/per-bisogno/generare-idee/,200,0,0,0,0,5,39,38,1,https://liberating.it/design-thinking/design-thinking-cycle/structures/
https://liberating.it/design-thinking/design-thinking-cycle/structures/per-bisogno/prendere-decisioni/,200,0,0,0,0,5,39,38,1,https://liberating.it/design-thinking/design-thinking-cycle/structures/
https://liberating.it/design-thinking/design-thinking-cycle/structures/privacy-policy/,200,0,0,0,0,5,39,38,1,https://liberating.it/design-thinking/design-thinking-cycle/structures/
https://liberating.it/design-thinking/design-thinking-cycle/structures/structures/,200,0,0,0,0,5,39,38,1,https://liberating.it/design-thinking/design-thinking-cycle/structures/
https://liberating.it/design-thinking/design-thinking-cycle/structures/structures/1-2-4-all/,200,0,0,0,0,5,39,38,1,https://liberating.it/design-thinking/design-thinking-cycle/structures/
https://liberating.it/design-thinking/design-thinking-cycle/structures/structures/15-solutions/,200,0,0,0,0,5,39,38,1,https://liberating.it/design-thinking/design-thinking-cycle/structures/
https://liberating.it/design-thinking/design-thinking-cycle/structures/structures/heard-seen-respected-hsr/,200,0,0,0,0,5,39,38,1,https://liberating.it/design-thinking/design-thinking-cycle/structures/
https://liberating.it/design-thinking/design-thinking-cycle/structures/structures/impromptu-networking/,200,0,0,0,0,5,39,38,1,https://liberating.it/design-thinking/design-thinking-cycle/structures/
https://liberating.it/design-thinking/design-thinking-cycle/structures/structures/w3-what-so-what-now-what/,200,0,0,0,0,5,39,38,1,https://liberating.it/design-thinking/design-thinking-cycle/structures/
https://liberating.it/design-thinking/design-thinking-cycle/structures/termini-di-servizio/,200,0,0,0,0,5,39,38,1,https://liberating.it/design-thinking/design-thinking-cycle/structures/
https://liberating.it/design-thinking/design-thinking-cycle/structures/w3-what-so-what-now-what/,200,0,0,0,0,4,39,38,1,https://liberating.it/design-thinking/design-thinking-cycle/
https://liberating.it/design-thinking/design-thinking-cycle/structures/w3-what-so-what-now-what/10-principi-fondamentali-liberating-structures/,200,0,0,0,0,5,39,38,1,https://liberating.it/design-thinking/design-thinking-cycle/structures/w3-what-so-what-now-what/
https://liberating.it/design-thinking/design-thinking-cycle/structures/w3-what-so-what-now-what/complessita/iniziare-subito/,200,0,0,0,0,5,39,38,1,https://liberating.it/design-thinking/design-thinking-cycle/structures/w3-what-so-what-now-what/
https://liberating.it/design-thinking/design-thinking-cycle/structures/w3-what-so-what-now-what/per-bisogno/,200,0,0,0,0,5,39,38,1,https://liberating.it/design-thinking/design-thinking-cycle/structures/w3-what-so-what-now-what/
https://liberating.it/design-thinking/design-thinking-cycle/structures/w3-what-so-what-now-what/per-bisogno/analizzare-problemi/,200,0,0,0,0,5,39,38,1,https://liberating.it/design-thinking/design-thinking-cycle/structures/w3-what-so-what-now-what/
https://liberating.it/design-thinking/design-thinking-cycle/structures/w3-what-so-what-now-what/per-bisogno/fare-strategia/,200,0,0,0,0,5,39,38,1,https://liberating.it/design-thinking/design-thinking-cycle/structures/w3-what-so-what-now-what/
https://liberating.it/design-thinking/design-thinking-cycle/structures/w3-what-so-what-now-what/per-bisogno/generare-idee/,200,0,0,0,0,5,39,38,1,https://liberating.it/design-thinking/design-thinking-cycle/structures/w3-what-so-what-now-what/
https://liberating.it/design-thinking/design-thinking-cycle/structures/w3-what-so-what-now-what/per-bisogno/prendere-decisioni/,200,0,0,0,0,5,39,38,1,https://liberating.it/design-thinking/design-thinking-cycle/structures/w3-what-so-what-now-what/
https://liberating.it/design-thinking/design-thinking-cycle/structures/w3-what-so-what-now-what/privacy-policy/,200,0,0,0,0,5,39,38,1,https://liberating.it/design-thinking/design-thinking-cycle/structures/w3-what-so-what-now-what/
https://liberating.it/design-thinking/design-thinking-cycle/structures/w3-what-so-what-now-what/structures/,200,0,0,0,0,5,39,38,1,https://liberating.it/design-thinking/design-thinking-cycle/structures/w3-what-so-what-now-what/
https://liberating.it/design-thinking/design-thinking-cycle/structures/w3-what-so-what-now-what/structures/1-2-4-all/,200,0,0,0,0,5,39,38,1,https://liberating.it/design-thinking/design-thinking-cycle/structures/w3-what-so-what-now-what/
https://liberating.it/design-thinking/design-thinking-cycle/structures/w3-what-so-what-now-what/structures/15-solutions/,200,0,0,0,0,5,39,38,1,https://liberating.it/design-thinking/design-thinking-cycle/structures/w3-what-so-what-now-what/
https://liberating.it/design-thinking/design-thinking-cycle/structures/w3-what-so-what-now-what/structures/heard-seen-respected-hsr/,200,0,0,0,0,5,39,38,1,https://liberating.it/design-thinking/design-thinking-cycle/structures/w3-what-so-what-now-what/
https://liberating.it/design-thinking/design-thinking-cycle/structures/w3-what-so-what-now-what/structures/impromptu-networking/,200,0,0,0,0,5,39,38,1,https://liberating.it/design-thinking/design-thinking-cycle/structures/w3-what-so-what-now-what/
https://liberating.it/design-thinking/design-thinking-cycle/structures/w3-what-so-what-now-what/structures/w3-what-so-what-now-what/,200,0,0,0,0,5,39,38,1,https://liberating.it/design-thinking/design-thinking-cycle/structures/w3-what-so-what-now-what/
https://liberating.it/design-thinking/design-thinking-cycle/structures/w3-what-so-what-now-what/termini-di-servizio/,200,0,0,0,0,5,39,38,1,https://liberating.it/design-thinking/design-thinking-cycle/structures/w3-what-so-what-now-what/
https://liberating.it/design-thinking/design-thinking-cycle/termini-di-servizio/,200,0,0,0,0,4,39,38,1,https://liberating.it/design-thinking/design-thinking-cycle/
https://liberating.it/design-thinking/design-thinking-cycle/termini-di-servizio/10-principi-fondamentali-liberating-structures/,200,0,0,0,0,5,39,38,1,https://liberating.it/design-thinking/design-thinking-cycle/termini-di-servizio/
https://liberating.it/design-thinking/design-thinking-cycle/termini-di-servizio/per-bisogno/,200,0,0,0,0,5,39,38,1,https://liberating.it/design-thinking/design-thinking-cycle/termini-di-servizio/
https://liberating.it/design-thinking/design-thinking-cycle/termini-di-servizio/per-bisogno/analizzare-problemi/,200,0,0,0,0,5,39,38,1,https://liberating.it/design-thinking/design-thinking-cycle/termini-di-servizio/
https://liberating.it/design-thinking/design-thinking-cycle/termini-di-servizio/per-bisogno/fare-strategia/,200,0,0,0,0,5,39,38,1,https://liberating.it/design-thinking/design-thinking-cycle/termini-di-servizio/
https://liberating.it/design-thinking/design-thinking-cycle/termini-di-servizio/per-bisogno/generare-idee/,200,0,0,0,0,5,39,38,1,https://liberating.it/design-thinking/design-thinking-cycle/termini-di-servizio/
https://liberating.it/design-thinking/design-thinking-cycle/termini-di-servizio/per-bisogno/prendere-decisioni/,200,0,0,0,0,5,39,38,1,https://liberating.it/design-thinking/design-thinking-cycle/termini-di-servizio/
https://liberating.it/design-thinking/design-thinking-cycle/termini-di-servizio/privacy-policy/,200,0,0,0,0,5,39,38,1,https://liberating.it/design-thinking/design-thinking-cycle/termini-di-servizio/
https://liberating.it/design-thinking/design-thinking-cycle/termini-di-servizio/structures/,200,0,0,0,0,5,39,38,1,https://liberating.it/design-thinking/design-thinking-cycle/termini-di-servizio/
https://liberating.it/design-thinking/design-thinking-cycle/termini-di-servizio/structures/1-2-4-all/,200,0,0,0,0,5,39,38,1,https://liberating.it/design-thinking/design-thinking-cycle/termini-di-servizio/
https://liberating.it/design-thinking/design-thinking-cycle/termini-di-servizio/structures/15-solutions/,200,0,0,0,0,5,39,38,1,https://liberating.it/design-thinking/design-thinking-cycle/termini-di-servizio/
https://liberating.it/design-thinking/design-thinking-cycle/termini-di-servizio/structures/heard-seen-respected-hsr/,200,0,0,0,0,5,39,38,1,https://liberating.it/design-thinking/design-thinking-cycle/termini-di-servizio/
https://liberating.it/design-thinking/design-thinking-cycle/termini-di-servizio/structures/impromptu-networking/,200,0,0,0,0,5,39,38,1,https://liberating.it/design-thinking/design-thinking-cycle/termini-di-servizio/
https://liberating.it/design-thinking/design-thinking-cycle/termini-di-servizio/structures/w3-what-so-what-now-what/,200,0,0,0,0,5,39,38,1,https://liberating.it/design-thinking/design-thinking-cycle/termini-di-servizio/
https://liberating.it/design-thinking/design-thinking-cycle/termini-di-servizio/termini-di-servizio/,200,0,0,0,0,5,39,38,1,https://liberating.it/design-thinking/design-thinking-cycle/termini-di-servizio/
https://liberating.it/design-thinking/empathize/,200,0,0,0,0,2,62,61,1,https://liberating.it/structures/heard-seen-respected-hsr/
https://liberating.it/design-thinking/ideate/,200,0,0,0,0,2,53,52,1,https://liberating.it/structures/15-solutions/
https://liberating.it/design-thinking/prototype/,200,0,0,0,0,3,41,40,1,https://liberating.it/structures/improv-prototyping/
https://liberating.it/design-thinking/test/,200,0,0,0,0,3,41,40,1,https://liberating.it/structures/troika-consulting/
https://liberating.it/difficolta/avanzata/,200,0,0,0,0,2,35,34,1,https://liberating.it/structures/
https://liberating.it/difficolta/facile/,200,0,2,3,0,2,53,52,1,https://liberating.it/structures/heard-seen-respected-hsr/
https://liberating.it/difficolta/intermedia/,200,0,2,12,0,2,122,121,1,https://liberating.it/per-bisogno/fare-strategia/
https://liberating.it/durata/breve/,200,0,0,0,0,2,107,106,1,https://liberating.it/per-bisogno/generare-idee/
https://liberating.it/durata/estesa/,200,0,0,0,0,2,41,40,1,https://liberating.it/per-bisogno/fare-strategia/
https://liberating.it/durata/media/,200,0,0,1,0,2,62,61,1,https://liberating.it/structures/heard-seen-respected-hsr/
https://liberating.it/durata/workshop/,200,0,0,0,0,3,29,28,1,https://liberating.it/structures/panarchy/
https://liberating.it/per-bisogno/,200,0,0,0,0,1,31,30,1,https://liberating.it/
https://liberating.it/per-bisogno/analizzare-problemi/,200,0,0,0,0,1,38,37,1,https://liberating.it/
https://liberating.it/per-bisogno/fare-strategia/,200,0,0,0,0,1,38,37,1,https://liberating.it/
https://liberating.it/per-bisogno/generare-idee/,200,0,0,0,0,1,41,40,1,https://liberating.it/
https://liberating.it/per-bisogno/prendere-decisioni/,200,0,0,0,0,1,38,37,1,https://liberating.it/
https://liberating.it/privacy-policy/,200,0,0,0,0,1,35,32,3,https://liberating.it/
https://liberating.it/structures/,200,0,0,0,0,1,150,149,1,https://liberating.it/
https://liberating.it/structures/1-2-4-all/,200,0,11,16,148,1,46,42,4,https://liberating.it/
https://liberating.it/structures/15-solutions/,200,0,2,2,0,1,45,41,4,https://liberating.it/
https://liberating.it/structures/25-10-crowd-sourcing/,200,0,5,6,8,2,43,39,4,https://liberating.it/10-principi-fondamentali-liberating-structures/
https://liberating.it/structures/4-2-1-storming/,200,0,0,0,0,2,44,40,4,https://liberating.it/per-bisogno/generare-idee/
https://liberating.it/structures/9-whys/,200,0,4,4,2,2,45,41,4,https://liberating.it/10-principi-fondamentali-liberating-structures/
https://liberating.it/structures/agreement-certainty-matrix/,200,0,2,2,0,2,44,40,4,https://liberating.it/structures/
https://liberating.it/structures/appreciative-interviews-ai/,200,0,2,2,0,2,44,40,4,https://liberating.it/10-principi-fondamentali-liberating-structures/
https://liberating.it/structures/celebrity-interview/,200,0,0,0,0,3,44,40,4,https://liberating.it/design-thinking/empathize/
https://liberating.it/structures/conversation-cafe/,200,0,2,2,1,2,44,40,4,https://liberating.it/10-principi-fondamentali-liberating-structures/
https://liberating.it/structures/critical-uncertainties/,200,0,1,1,0,2,43,39,4,https://liberating.it/per-bisogno/fare-strategia/
https://liberating.it/structures/design-storyboards/,200,0,0,0,0,2,44,40,4,https://liberating.it/structures/
https://liberating.it/structures/discovery-action-dialogue-dad/,200,0,5,5,1,2,44,40,4,https://liberating.it/structures/w3-what-so-what-now-what/
https://liberating.it/structures/drawing-together/,200,0,2,4,89,2,43,39,4,https://liberating.it/structures/
https://liberating.it/structures/ecocycle-planning/,200,0,8,8,5,2,44,40,4,https://liberating.it/structures/
https://liberating.it/structures/heard-seen-respected-hsr/,200,0,2,2,1,1,44,40,4,https://liberating.it/
https://liberating.it/structures/helping-heuristics/,200,0,1,2,0,2,44,40,4,https://liberating.it/complessita/iniziare-subito/
https://liberating.it/structures/impromptu-networking/,200,0,2,3,0,1,43,39,4,https://liberating.it/
https://liberating.it/structures/improv-prototyping/,200,0,1,2,0,2,45,41,4,https://liberating.it/structures/
https://liberating.it/structures/integrated-autonomy/,200,0,1,1,0,2,44,40,4,https://liberating.it/structures/
https://liberating.it/structures/liquid-courage/,200,0,0,0,0,2,45,41,4,https://liberating.it/complessita/iniziare-subito/
https://liberating.it/structures/mad-love/,200,0,0,0,0,3,44,40,4,https://liberating.it/design-thinking/empathize/
https://liberating.it/structures/mad-tea/,200,0,0,0,0,3,44,40,4,https://liberating.it/design-thinking/empathize/
https://liberating.it/structures/min-specs/,200,0,2,2,1,2,44,40,4,https://liberating.it/10-principi-fondamentali-liberating-structures/
https://liberating.it/structures/open-space-technology-ost/,200,0,1,4,0,2,43,39,4,https://liberating.it/per-bisogno/fare-strategia/
https://liberating.it/structures/panarchy/,200,0,0,0,0,2,46,42,4,https://liberating.it/structures/
https://liberating.it/structures/pixies-reflection/,200,0,0,0,0,2,47,43,4,https://liberating.it/structures/
https://liberating.it/structures/purpose-to-practice-p2p/,200,0,1,1,0,2,44,40,4,https://liberating.it/per-bisogno/fare-strategia/
https://liberating.it/structures/shift-share/,200,0,4,5,2,2,43,39,4,https://liberating.it/structures/
https://liberating.it/structures/simple-ethnography/,200,0,1,1,0,3,44,40,4,https://liberating.it/design-thinking/empathize/
https://liberating.it/structures/social-network-webbing/,200,0,1,3,0,2,44,40,4,https://liberating.it/structures/
https://liberating.it/structures/talking-with-pixies/,200,0,1,1,0,2,44,40,4,https://liberating.it/structures/
https://liberating.it/structures/tiny-demons/,200,0,0,1,0,3,44,40,4,https://liberating.it/design-thinking/empathize/
https://liberating.it/structures/triz/,200,0,3,6,9,2,43,39,4,https://liberating.it/10-principi-fondamentali-liberating-structures/
https://liberating.it/structures/troika-consulting/,200,0,4,4,3,2,43,39,4,https://liberating.it/structures/heard-seen-respected-hsr/
https://liberating.it/structures/user-experience-fishbowl/,200,0,2,2,1,2,44,40,4,https://liberating.it/10-principi-fondamentali-liberating-structures/
https://liberating.it/structures/w3-what-so-what-now-what/,200,0,3,4,1,1,45,41,4,https://liberating.it/
https://liberating.it/structures/what-i-need-from-you-winfy/,200,0,0,0,0,2,44,40,4,https://liberating.it/structures/
https://liberating.it/structures/wicked-questions/,200,0,5,5,3,2,45,41,4,https://liberating.it/structures/
https://liberating.it/structures/wise-crowds/,200,0,1,1,0,2,44,40,4,https://liberating.it/structures/
https://liberating.it/termini-di-servizio/,200,0,0,0,0,1,29,28,1,https://liberating.it/
