Keyword,Volume,liberating.it,liberating.it,www.liberatingstructures.it,www.liberatingstructures.it,facilitazionemaieutica.it,facilitazionemaieutica.it,www.liberatingstructures.com,www.liberatingstructures.com,www.loci.it,www.loci.it,www.complexitysurfers.com,www.complexitysurfers.com,liberatingstructures.eu,liberatingstructures.eu,www.collectivegenius.it,www.collectivegenius.it,www.agileway.it,www.agileway.it,www.scuolafacilitatori.it,www.scuolafacilitatori.it,www.businesstheory.it,www.businesstheory.it,www.mentipratiche.it,www.mentipratiche.it,www.agilemadeinitaly.com,www.agilemadeinitaly.com,www.qrpinternational.it,www.qrpinternational.it,www.productheroes.it,www.productheroes.it,oltremeta.it,oltremeta.it,talentgarden.com,talentgarden.com,www.francoangeli.it,www.francoangeli.it
Keyword,Volume,Posizione,URL,Posizione,URL,Posizione,URL,Posizione,URL,Posizione,URL,Posizione,URL,Posizione,URL,Posizione,URL,Posizione,URL,Posizione,URL,Posizione,URL,Posizione,URL,Posizione,URL,Posizione,URL,Posizione,URL,Posizione,URL,Posizione,URL,Posizione,URL
leadership,18100,101,n/a,101,n/a,101,n/a,101,n/a,101,n/a,101,n/a,101,n/a,101,n/a,101,n/a,101,n/a,101,n/a,101,n/a,101,n/a,101,n/a,101,n/a,101,n/a,101,n/a,101,n/a
collaborazione,6600,101,n/a,101,n/a,101,n/a,101,n/a,101,n/a,101,n/a,101,n/a,101,n/a,101,n/a,101,n/a,101,n/a,101,n/a,101,n/a,101,n/a,101,n/a,101,n/a,101,n/a,101,n/a
motivazione,6600,101,n/a,101,n/a,101,n/a,101,n/a,101,n/a,101,n/a,101,n/a,101,n/a,101,n/a,101,n/a,101,n/a,101,n/a,101,n/a,101,n/a,101,n/a,101,n/a,101,n/a,101,n/a
debriefing,6600,101,n/a,101,n/a,101,n/a,101,n/a,101,n/a,101,n/a,101,n/a,101,n/a,101,n/a,101,n/a,101,n/a,101,n/a,101,n/a,101,n/a,101,n/a,101,n/a,101,n/a,101,n/a
innovazione,4400,101,n/a,101,n/a,101,n/a,101,n/a,101,n/a,101,n/a,101,n/a,101,n/a,101,n/a,101,n/a,101,n/a,101,n/a,101,n/a,101,n/a,101,n/a,101,n/a,101,n/a,101,n/a
ascolto attivo,4400,101,n/a,101,n/a,101,n/a,101,n/a,101,n/a,101,n/a,101,n/a,101,n/a,101,n/a,101,n/a,101,n/a,101,n/a,101,n/a,101,n/a,101,n/a,7,https://oltremeta.it/migliora-la-tua-azienda/ascolto-attivo,101,n/a,101,n/a
hsr,4400,101,n/a,101,n/a,101,n/a,101,n/a,101,n/a,101,n/a,101,n/a,101,n/a,101,n/a,101,n/a,101,n/a,101,n/a,101,n/a,101,n/a,101,n/a,101,n/a,101,n/a,101,n/a
condivisione,4400,101,n/a,101,n/a,101,n/a,101,n/a,101,n/a,101,n/a,101,n/a,101,n/a,101,n/a,101,n/a,101,n/a,101,n/a,101,n/a,101,n/a,101,n/a,101,n/a,101,n/a,101,n/a
cambiamento,3600,101,n/a,101,n/a,101,n/a,101,n/a,101,n/a,101,n/a,101,n/a,101,n/a,101,n/a,101,n/a,101,n/a,101,n/a,101,n/a,101,n/a,101,n/a,101,n/a,101,n/a,101,n/a
interazione,3600,101,n/a,101,n/a,101,n/a,101,n/a,101,n/a,101,n/a,101,n/a,101,n/a,101,n/a,101,n/a,101,n/a,101,n/a,101,n/a,101,n/a,101,n/a,101,n/a,101,n/a,101,n/a
coesione,3600,101,n/a,101,n/a,101,n/a,101,n/a,101,n/a,101,n/a,101,n/a,101,n/a,101,n/a,101,n/a,101,n/a,101,n/a,101,n/a,101,n/a,101,n/a,101,n/a,101,n/a,101,n/a
decision making,2900,101,n/a,101,n/a,101,n/a,101,n/a,101,n/a,101,n/a,101,n/a,101,n/a,101,n/a,101,n/a,101,n/a,101,n/a,101,n/a,101,n/a,101,n/a,17,https://oltremeta.it/blog/decision-making,101,n/a,101,n/a
liberatingstructures,2900,2,https://liberating.it/,101,n/a,101,n/a,1,https://www.liberatingstructures.com/,3,https://www.loci.it/index.php/fare-il-facilitatore/approcci-tecniche/liberating-structures,101,n/a,19,https://liberatingstructures.eu/,101,n/a,9,https://www.agileway.it/liberating-structures,101,n/a,101,n/a,101,n/a,101,n/a,101,n/a,101,n/a,101,n/a,101,n/a,101,n/a
ost,2400,101,n/a,101,n/a,101,n/a,101,n/a,101,n/a,101,n/a,101,n/a,101,n/a,101,n/a,101,n/a,101,n/a,101,n/a,101,n/a,101,n/a,101,n/a,101,n/a,101,n/a,101,n/a
inclusione,1900,101,n/a,101,n/a,101,n/a,101,n/a,101,n/a,101,n/a,101,n/a,101,n/a,101,n/a,101,n/a,101,n/a,101,n/a,101,n/a,101,n/a,101,n/a,101,n/a,101,n/a,101,n/a
consultazione,1900,101,n/a,101,n/a,101,n/a,101,n/a,101,n/a,101,n/a,101,n/a,101,n/a,101,n/a,101,n/a,101,n/a,101,n/a,101,n/a,101,n/a,101,n/a,101,n/a,101,n/a,101,n/a
presentazioni,1600,101,n/a,101,n/a,101,n/a,101,n/a,101,n/a,101,n/a,101,n/a,101,n/a,101,n/a,101,n/a,101,n/a,101,n/a,101,n/a,101,n/a,101,n/a,101,n/a,101,n/a,101,n/a
facilitazione,1600,101,n/a,101,n/a,101,n/a,101,n/a,101,n/a,101,n/a,101,n/a,101,n/a,101,n/a,2,https://www.scuolafacilitatori.it/a-cosa-serve-la-facilitazione/,101,n/a,101,n/a,101,n/a,101,n/a,101,n/a,101,n/a,101,n/a,101,n/a
early adoption,1600,101,n/a,101,n/a,101,n/a,101,n/a,101,n/a,101,n/a,101,n/a,101,n/a,101,n/a,101,n/a,101,n/a,101,n/a,101,n/a,101,n/a,2,https://www.productheroes.it/early-adopter-chi-sono-come-trovarli/,101,n/a,101,n/a,101,n/a
crowd sourcing,1300,101,n/a,101,n/a,101,n/a,101,n/a,101,n/a,101,n/a,101,n/a,101,n/a,101,n/a,101,n/a,101,n/a,101,n/a,101,n/a,101,n/a,101,n/a,101,n/a,101,n/a,101,n/a
pianificazione strategica,1000,101,n/a,101,n/a,101,n/a,101,n/a,101,n/a,101,n/a,101,n/a,101,n/a,101,n/a,101,n/a,101,n/a,101,n/a,101,n/a,101,n/a,101,n/a,101,n/a,101,n/a,101,n/a
together drawings,880,3,https://liberating.it/structures/drawing-together/,101,n/a,101,n/a,101,n/a,101,n/a,101,n/a,101,n/a,101,n/a,101,n/a,101,n/a,101,n/a,101,n/a,101,n/a,101,n/a,101,n/a,101,n/a,101,n/a,101,n/a
pensiero creativo,720,101,n/a,101,n/a,101,n/a,101,n/a,101,n/a,101,n/a,101,n/a,101,n/a,101,n/a,101,n/a,101,n/a,101,n/a,101,n/a,101,n/a,101,n/a,2,https://oltremeta.it/blog/pensiero-creativo,101,n/a,101,n/a
root cause,590,101,n/a,101,n/a,101,n/a,101,n/a,101,n/a,101,n/a,101,n/a,101,n/a,101,n/a,101,n/a,101,n/a,101,n/a,101,n/a,101,n/a,101,n/a,101,n/a,101,n/a,101,n/a
dinamiche di gruppo,480,101,n/a,101,n/a,101,n/a,101,n/a,101,n/a,101,n/a,101,n/a,101,n/a,101,n/a,101,n/a,101,n/a,101,n/a,101,n/a,101,n/a,101,n/a,101,n/a,101,n/a,13,https://www.francoangeli.it/Libro/Dinamiche-di-gruppo-e-tecniche-di-gruppo-nel-lavoro-educativo-e-formativo?Id=15193
apprendimento esperienziale,480,101,n/a,101,n/a,101,n/a,101,n/a,101,n/a,101,n/a,101,n/a,101,n/a,101,n/a,101,n/a,101,n/a,101,n/a,101,n/a,101,n/a,101,n/a,101,n/a,101,n/a,101,n/a
world cafe,480,101,n/a,101,n/a,101,n/a,101,n/a,5,https://www.loci.it/fare-il-facilitatore/approcci-tecniche/world-cafe,101,n/a,101,n/a,101,n/a,101,n/a,101,n/a,101,n/a,101,n/a,101,n/a,101,n/a,101,n/a,101,n/a,101,n/a,101,n/a
idee innovative,480,101,n/a,101,n/a,101,n/a,101,n/a,101,n/a,101,n/a,101,n/a,101,n/a,101,n/a,101,n/a,101,n/a,101,n/a,101,n/a,101,n/a,101,n/a,101,n/a,101,n/a,101,n/a
triz,480,101,n/a,101,n/a,101,n/a,101,n/a,101,n/a,101,n/a,101,n/a,101,n/a,13,https://www.agileway.it/ls-triz,101,n/a,101,n/a,101,n/a,101,n/a,101,n/a,101,n/a,101,n/a,101,n/a,101,n/a
leadership situazionale,390,101,n/a,101,n/a,101,n/a,101,n/a,101,n/a,101,n/a,101,n/a,101,n/a,101,n/a,101,n/a,101,n/a,101,n/a,101,n/a,101,n/a,101,n/a,101,n/a,101,n/a,101,n/a
intelligenza collettiva,390,101,n/a,101,n/a,101,n/a,101,n/a,101,n/a,101,n/a,101,n/a,101,n/a,101,n/a,101,n/a,101,n/a,101,n/a,101,n/a,101,n/a,101,n/a,101,n/a,101,n/a,101,n/a
partecipazione attiva,390,101,n/a,101,n/a,101,n/a,101,n/a,101,n/a,101,n/a,101,n/a,101,n/a,101,n/a,101,n/a,101,n/a,101,n/a,101,n/a,101,n/a,101,n/a,101,n/a,101,n/a,101,n/a
pensiero sistemico,390,101,n/a,101,n/a,101,n/a,101,n/a,101,n/a,101,n/a,101,n/a,101,n/a,101,n/a,101,n/a,101,n/a,101,n/a,101,n/a,5,https://www.qrpinternational.it/blog/glossario/approccio-al-pensiero-sistemico-definizione-origine-e-spiegazioni/,101,n/a,101,n/a,101,n/a,21,https://www.francoangeli.it/Libro/Dai-sistemi-al-pensiero-sistemico.-Per-capire-i-sistemi-e-pensare-con-i-sistemi?Id=5156
spazi aperti,320,101,n/a,101,n/a,101,n/a,101,n/a,101,n/a,101,n/a,101,n/a,101,n/a,101,n/a,101,n/a,101,n/a,101,n/a,101,n/a,101,n/a,101,n/a,101,n/a,101,n/a,21,https://www.francoangeli.it/rivista/getArticoloFree/40588/It
1 2 4 all,320,1,https://liberating.it/structures/1-2-4-all/,101,n/a,101,n/a,2,https://www.liberatingstructures.com/1-2-4-all,101,n/a,101,n/a,101,n/a,101,n/a,3,https://www.agileway.it/ls-1-2-4-all,101,n/a,101,n/a,101,n/a,101,n/a,101,n/a,101,n/a,101,n/a,101,n/a,101,n/a
leadership trasformazionale,260,101,n/a,101,n/a,101,n/a,101,n/a,101,n/a,101,n/a,101,n/a,101,n/a,101,n/a,101,n/a,101,n/a,101,n/a,101,n/a,101,n/a,101,n/a,101,n/a,101,n/a,101,n/a
storie di successo,260,101,n/a,101,n/a,101,n/a,101,n/a,101,n/a,101,n/a,101,n/a,101,n/a,101,n/a,101,n/a,101,n/a,101,n/a,101,n/a,101,n/a,101,n/a,101,n/a,101,n/a,101,n/a
cynefin,260,101,n/a,101,n/a,101,n/a,101,n/a,101,n/a,101,n/a,101,n/a,14,https://www.collectivegenius.it/blog/agile/cynefin-scrum-e-agile/,1,https://www.agileway.it/framework-cynefin,101,n/a,101,n/a,101,n/a,101,n/a,101,n/a,101,n/a,101,n/a,101,n/a,101,n/a
open space technology,210,11,https://liberating.it/structures/open-space-technology-ost/,101,n/a,101,n/a,45,https://www.liberatingstructures.com/options-place,2,https://www.loci.it/attachments/article/184/SSF%20Quaderno%20n%202%20OST%20-%20breve%20guida%20A4%20con%20ISBN%20ok.pdf,101,n/a,101,n/a,101,n/a,37,https://www.agileway.it/ls-open-space-technology,101,n/a,101,n/a,101,n/a,101,n/a,101,n/a,101,n/a,101,n/a,101,n/a,101,n/a
riunioni,210,101,n/a,101,n/a,101,n/a,101,n/a,101,n/a,101,n/a,101,n/a,101,n/a,101,n/a,101,n/a,101,n/a,101,n/a,101,n/a,101,n/a,101,n/a,101,n/a,101,n/a,101,n/a
distruzione creativa,210,101,n/a,101,n/a,101,n/a,101,n/a,101,n/a,101,n/a,101,n/a,101,n/a,101,n/a,101,n/a,4,https://www.businesstheory.it/teoria-innovazione-di-schumpeter/,101,n/a,101,n/a,101,n/a,101,n/a,101,n/a,101,n/a,101,n/a
5 perche,210,101,n/a,101,n/a,101,n/a,101,n/a,101,n/a,101,n/a,101,n/a,101,n/a,101,n/a,101,n/a,101,n/a,101,n/a,101,n/a,101,n/a,101,n/a,101,n/a,101,n/a,101,n/a
ecocycle,210,101,n/a,101,n/a,101,n/a,101,n/a,101,n/a,101,n/a,101,n/a,101,n/a,101,n/a,101,n/a,101,n/a,101,n/a,101,n/a,101,n/a,101,n/a,101,n/a,101,n/a,101,n/a
cambiamento organizzativo,170,101,n/a,101,n/a,101,n/a,101,n/a,101,n/a,101,n/a,101,n/a,101,n/a,101,n/a,101,n/a,101,n/a,37,https://www.mentipratiche.it/il-cambiamento-organizzativo-cose-e-come-approcciarsi/,101,n/a,101,n/a,101,n/a,101,n/a,101,n/a,101,n/a
sprint backlog,170,101,n/a,101,n/a,101,n/a,101,n/a,101,n/a,101,n/a,101,n/a,10,https://www.collectivegenius.it/risorse/podcast-scrum-italia/pianificazione-sprint-guida-scrum/,2,https://www.agileway.it/lo-sprint-backlog-in-scrum,101,n/a,101,n/a,101,n/a,101,n/a,15,https://www.qrpinternational.it/blog/faq/che-cose-un-backlog/,101,n/a,101,n/a,101,n/a,101,n/a
innovazione prodotti,170,101,n/a,101,n/a,101,n/a,101,n/a,101,n/a,101,n/a,101,n/a,101,n/a,101,n/a,101,n/a,101,n/a,101,n/a,101,n/a,101,n/a,2,https://www.productheroes.it/innovazione-di-prodotto-cosa-significa-come-creare-prodotti-innovativi/,101,n/a,101,n/a,101,n/a
gruppi di lavoro,140,101,n/a,101,n/a,101,n/a,101,n/a,101,n/a,101,n/a,101,n/a,101,n/a,101,n/a,101,n/a,101,n/a,101,n/a,101,n/a,101,n/a,101,n/a,22,https://oltremeta.it/storie-oltremeta/gruppo-di-lavoro,101,n/a,17,https://www.francoangeli.it/Libro/I-gruppi-di-lavoro-autogestiti?Id=2355
sprint retrospective,140,101,n/a,101,n/a,101,n/a,101,n/a,101,n/a,101,n/a,101,n/a,11,https://www.collectivegenius.it/blog/scrum/eventi/sprint-retrospective/,101,n/a,101,n/a,101,n/a,101,n/a,30,https://www.agilemadeinitaly.com/sprint-retrospective-effetti-e-conclusioni-delle-retrospective-a-tema/,101,n/a,4,https://www.productheroes.it/la-retrospective-nella-metodologia-agile-scrum/,101,n/a,101,n/a,101,n/a
liberating structures,140,2,https://liberating.it/,101,n/a,101,n/a,1,https://www.liberatingstructures.com/,4,https://www.loci.it/index.php/fare-il-facilitatore/approcci-tecniche/liberating-structures,101,n/a,19,https://liberatingstructures.eu/,101,n/a,10,https://www.agileway.it/argomenti/liberating-structures,101,n/a,101,n/a,101,n/a,101,n/a,101,n/a,101,n/a,101,n/a,101,n/a,101,n/a
What So What Now What,140,30,https://liberating.it/structures/w3-what-so-what-now-what/,101,n/a,101,n/a,101,n/a,101,n/a,101,n/a,101,n/a,101,n/a,9,https://www.agileway.it/ls-what-so-what-now-what,101,n/a,101,n/a,101,n/a,101,n/a,101,n/a,101,n/a,101,n/a,101,n/a,101,n/a
scenari futuri,110,101,n/a,101,n/a,101,n/a,101,n/a,101,n/a,101,n/a,101,n/a,101,n/a,10,https://www.agileway.it/ls-critical-uncertainties,101,n/a,101,n/a,101,n/a,101,n/a,101,n/a,101,n/a,101,n/a,101,n/a,101,n/a
apprendimento tra pari,110,101,n/a,101,n/a,101,n/a,101,n/a,101,n/a,101,n/a,101,n/a,101,n/a,101,n/a,101,n/a,101,n/a,101,n/a,101,n/a,101,n/a,101,n/a,101,n/a,101,n/a,21,https://www.francoangeli.it/Libro/L'educazione-tra-pari?Id=13826
microstrutture,110,101,n/a,101,n/a,101,n/a,101,n/a,101,n/a,101,n/a,101,n/a,101,n/a,101,n/a,101,n/a,101,n/a,101,n/a,101,n/a,101,n/a,101,n/a,101,n/a,101,n/a,101,n/a
outcome output,90,101,n/a,101,n/a,101,n/a,101,n/a,101,n/a,101,n/a,101,n/a,101,n/a,10,https://www.agileway.it/output-vs-outcome,101,n/a,101,n/a,101,n/a,101,n/a,3,https://www.qrpinternational.it/blog/faq/output-outcome-benefici-di-progetto-qual-e-la-differenza/,2,https://www.productheroes.it/output-e-outcome-differenza-significato-e-su-cosa-focalizzarsi/,101,n/a,101,n/a,101,n/a
eco cycle planning,90,5,https://liberating.it/structures/ecocycle-planning/,101,n/a,101,n/a,1,https://www.liberatingstructures.com/ecocycle-planning,101,n/a,101,n/a,101,n/a,101,n/a,101,n/a,101,n/a,101,n/a,101,n/a,101,n/a,101,n/a,101,n/a,101,n/a,101,n/a,101,n/a
visione strategica,70,101,n/a,101,n/a,101,n/a,101,n/a,101,n/a,101,n/a,101,n/a,101,n/a,101,n/a,101,n/a,101,n/a,101,n/a,101,n/a,101,n/a,101,n/a,101,n/a,101,n/a,101,n/a
sviluppo competenze,70,101,n/a,101,n/a,101,n/a,101,n/a,101,n/a,101,n/a,101,n/a,101,n/a,101,n/a,101,n/a,101,n/a,101,n/a,101,n/a,101,n/a,101,n/a,101,n/a,101,n/a,101,n/a
soluzioni innovative,70,101,n/a,101,n/a,101,n/a,101,n/a,101,n/a,101,n/a,101,n/a,101,n/a,101,n/a,101,n/a,101,n/a,101,n/a,101,n/a,101,n/a,101,n/a,101,n/a,101,n/a,101,n/a
riunioni efficaci,70,101,n/a,101,n/a,101,n/a,101,n/a,101,n/a,101,n/a,101,n/a,101,n/a,101,n/a,101,n/a,101,n/a,101,n/a,101,n/a,101,n/a,101,n/a,23,https://oltremeta.it/storie-oltremeta/riunioni-efficaci,101,n/a,101,n/a
gestione team,50,101,n/a,101,n/a,101,n/a,101,n/a,101,n/a,101,n/a,101,n/a,101,n/a,101,n/a,101,n/a,101,n/a,101,n/a,101,n/a,101,n/a,101,n/a,101,n/a,101,n/a,101,n/a
dialogo costruttivo,50,101,n/a,101,n/a,101,n/a,101,n/a,101,n/a,101,n/a,101,n/a,101,n/a,101,n/a,101,n/a,101,n/a,101,n/a,101,n/a,101,n/a,101,n/a,101,n/a,101,n/a,101,n/a
segnali sonori,50,101,n/a,101,n/a,101,n/a,101,n/a,101,n/a,101,n/a,101,n/a,101,n/a,101,n/a,101,n/a,101,n/a,101,n/a,101,n/a,101,n/a,101,n/a,101,n/a,101,n/a,101,n/a
25 10 crowdsourcing,50,2,https://liberating.it/structures/25-10-crowd-sourcing/,101,n/a,101,n/a,1,https://www.liberatingstructures.com/25-10-crowdsourcing,101,n/a,101,n/a,101,n/a,101,n/a,6,https://www.agileway.it/ls-2510-crowd-sourcing,101,n/a,101,n/a,101,n/a,101,n/a,101,n/a,101,n/a,101,n/a,101,n/a,101,n/a
triz liberating structures,50,4,https://liberating.it/structures/triz/,101,n/a,101,n/a,1,https://www.liberatingstructures.com/creative-destruction,101,n/a,101,n/a,101,n/a,101,n/a,2,https://www.agileway.it/ls-triz,101,n/a,101,n/a,101,n/a,101,n/a,101,n/a,101,n/a,101,n/a,101,n/a,101,n/a
liberating structures triz,50,3,https://liberating.it/structures/triz/,101,n/a,101,n/a,1,https://www.liberatingstructures.com/creative-destruction,22,https://www.loci.it/index.php/fare-il-facilitatore/approcci-tecniche/liberating-structures,101,n/a,101,n/a,101,n/a,2,https://www.agileway.it/ls-triz,101,n/a,101,n/a,101,n/a,101,n/a,101,n/a,101,n/a,101,n/a,101,n/a,101,n/a
action planning,40,101,n/a,101,n/a,101,n/a,101,n/a,1,https://www.loci.it/fare-il-facilitatore/approcci-tecniche/action-planning,101,n/a,101,n/a,101,n/a,101,n/a,101,n/a,101,n/a,101,n/a,101,n/a,101,n/a,101,n/a,101,n/a,101,n/a,101,n/a
feedback costruttivo,40,101,n/a,101,n/a,101,n/a,101,n/a,101,n/a,101,n/a,101,n/a,101,n/a,101,n/a,101,n/a,101,n/a,101,n/a,101,n/a,101,n/a,101,n/a,101,n/a,101,n/a,101,n/a
lavagne digitali,30,101,n/a,101,n/a,101,n/a,101,n/a,101,n/a,101,n/a,101,n/a,101,n/a,101,n/a,101,n/a,101,n/a,101,n/a,101,n/a,101,n/a,101,n/a,101,n/a,101,n/a,101,n/a
leadership collaborativa,30,101,n/a,101,n/a,101,n/a,101,n/a,101,n/a,101,n/a,101,n/a,101,n/a,101,n/a,101,n/a,101,n/a,101,n/a,101,n/a,101,n/a,101,n/a,101,n/a,9,https://talentgarden.com/it/corsi-master/soft-skills/leadership-collaborativa,101,n/a
shift and share,30,10,https://liberating.it/structures/shift-share/,101,n/a,101,n/a,3,https://www.liberatingstructures.com/11-shift-share/,101,n/a,101,n/a,101,n/a,101,n/a,101,n/a,101,n/a,101,n/a,101,n/a,101,n/a,101,n/a,101,n/a,101,n/a,101,n/a,101,n/a
progetti strategici,20,101,n/a,101,n/a,101,n/a,101,n/a,101,n/a,101,n/a,101,n/a,101,n/a,101,n/a,101,n/a,101,n/a,30,https://www.mentipratiche.it/come-si-definiscono-gli-obiettivi-strategici-aziendali-guida-pratica/,101,n/a,101,n/a,101,n/a,101,n/a,101,n/a,101,n/a
liberating,20,2,https://liberating.it/,101,n/a,101,n/a,101,n/a,101,n/a,101,n/a,101,n/a,101,n/a,101,n/a,101,n/a,101,n/a,101,n/a,101,n/a,101,n/a,101,n/a,101,n/a,101,n/a,101,n/a
panarchy,20,9,https://liberating.it/structures/panarchy/,101,n/a,101,n/a,6,https://www.liberatingstructures.com/32-panarchy/,101,n/a,101,n/a,101,n/a,101,n/a,14,https://www.agileway.it/ls-panarchy,101,n/a,101,n/a,101,n/a,101,n/a,101,n/a,101,n/a,101,n/a,101,n/a,101,n/a
gestione gruppi,20,101,n/a,101,n/a,101,n/a,101,n/a,101,n/a,101,n/a,101,n/a,101,n/a,101,n/a,101,n/a,101,n/a,101,n/a,101,n/a,101,n/a,101,n/a,26,https://oltremeta.it/storie-oltremeta/gruppo-di-lavoro,101,n/a,1,https://www.francoangeli.it/Libro/9788820455163/La-gestione-dei-gruppi.-Le-competenze-per-gestire-e-facilitare-i-processi-di-gruppo?id=21558
wicked question,20,3,https://liberating.it/structures/wicked-questions/,101,n/a,101,n/a,1,https://www.liberatingstructures.com/4-wicked-questions/,101,n/a,101,n/a,101,n/a,101,n/a,101,n/a,101,n/a,101,n/a,101,n/a,101,n/a,101,n/a,101,n/a,101,n/a,101,n/a,101,n/a
124 all,20,101,n/a,101,n/a,101,n/a,101,n/a,101,n/a,101,n/a,101,n/a,101,n/a,101,n/a,101,n/a,101,n/a,101,n/a,101,n/a,101,n/a,101,n/a,101,n/a,101,n/a,101,n/a
9 why,20,101,n/a,101,n/a,101,n/a,101,n/a,101,n/a,101,n/a,101,n/a,101,n/a,101,n/a,101,n/a,101,n/a,101,n/a,101,n/a,101,n/a,101,n/a,101,n/a,101,n/a,101,n/a
apprendimento reciproco,10,101,n/a,101,n/a,101,n/a,101,n/a,101,n/a,101,n/a,101,n/a,101,n/a,101,n/a,101,n/a,101,n/a,101,n/a,101,n/a,101,n/a,101,n/a,101,n/a,101,n/a,101,n/a
seen heard,10,101,n/a,101,n/a,101,n/a,101,n/a,101,n/a,101,n/a,101,n/a,101,n/a,101,n/a,101,n/a,101,n/a,101,n/a,101,n/a,101,n/a,101,n/a,101,n/a,101,n/a,101,n/a
so what now,10,101,n/a,101,n/a,101,n/a,101,n/a,101,n/a,101,n/a,101,n/a,101,n/a,101,n/a,101,n/a,101,n/a,101,n/a,101,n/a,101,n/a,101,n/a,101,n/a,101,n/a,101,n/a
crowd consulting,10,101,n/a,101,n/a,101,n/a,101,n/a,101,n/a,101,n/a,101,n/a,101,n/a,101,n/a,101,n/a,101,n/a,101,n/a,101,n/a,101,n/a,101,n/a,101,n/a,101,n/a,101,n/a
troika consulting,10,4,https://liberating.it/structures/troika-consulting/,101,n/a,101,n/a,5,https://www.liberatingstructures.com/troika-consulting,101,n/a,101,n/a,101,n/a,101,n/a,1,https://www.agileway.it/ls-troika-consulting,101,n/a,101,n/a,101,n/a,101,n/a,101,n/a,101,n/a,101,n/a,101,n/a,101,n/a
metodologia open space,10,11,https://liberating.it/structures/open-space-technology-ost/,101,n/a,101,n/a,101,n/a,5,https://www.loci.it/attachments/article/184/SSF%20Quaderno%20n%202%20OST%20-%20breve%20guida%20A4%20con%20ISBN%20ok.pdf,101,n/a,101,n/a,101,n/a,18,https://www.agileway.it/ls-open-space-technology,101,n/a,101,n/a,101,n/a,101,n/a,101,n/a,101,n/a,101,n/a,101,n/a,101,n/a
one two four all,10,2,https://liberating.it/structures/1-2-4-all/,101,n/a,101,n/a,1,https://www.liberatingstructures.com/1-2-4-all,101,n/a,101,n/a,101,n/a,101,n/a,3,https://www.agileway.it/ls-1-2-4-all,101,n/a,101,n/a,101,n/a,101,n/a,101,n/a,101,n/a,101,n/a,101,n/a,101,n/a
conversation cafe liberating structures,10,3,https://liberating.it/structures/conversation-cafe/,101,n/a,101,n/a,1,https://www.liberatingstructures.com/conversation-cafe,101,n/a,101,n/a,101,n/a,101,n/a,10,https://www.agileway.it/ls-conversation-cafe,101,n/a,101,n/a,101,n/a,101,n/a,101,n/a,101,n/a,101,n/a,101,n/a,101,n/a
9 whys liberating structures,10,4,https://liberating.it/structures/9-whys/,101,n/a,101,n/a,1,https://www.liberatingstructures.com/nine-whys,101,n/a,101,n/a,101,n/a,101,n/a,2,https://www.agileway.it/ls-nine-whys,101,n/a,101,n/a,101,n/a,101,n/a,101,n/a,101,n/a,101,n/a,101,n/a,101,n/a
w³,10,7,https://liberating.it/structures/w3-what-so-what-now-what/,101,n/a,101,n/a,16,https://www.liberatingstructures.com/what-so-what-now-what,101,n/a,101,n/a,101,n/a,101,n/a,101,n/a,101,n/a,101,n/a,101,n/a,101,n/a,101,n/a,101,n/a,101,n/a,101,n/a,101,n/a
liberating structure triz,10,3,https://liberating.it/structures/triz/,101,n/a,101,n/a,1,https://www.liberatingstructures.com/creative-destruction,13,https://www.loci.it/index.php/fare-il-facilitatore/approcci-tecniche/liberating-structures,101,n/a,41,https://liberatingstructures.eu/,101,n/a,2,https://www.agileway.it/ls-triz,101,n/a,101,n/a,101,n/a,101,n/a,101,n/a,101,n/a,101,n/a,101,n/a,101,n/a
ecocycle liberating structures,10,3,https://liberating.it/structures/ecocycle-planning/,101,n/a,101,n/a,1,https://www.liberatingstructures.com/ecocycle-planning,13,https://www.loci.it/index.php/fare-il-facilitatore/approcci-tecniche/liberating-structures,101,n/a,101,n/a,101,n/a,4,https://www.agileway.it/argomenti/liberating-structures,101,n/a,101,n/a,101,n/a,101,n/a,101,n/a,101,n/a,101,n/a,101,n/a,101,n/a
discovery dialogue,10,10,https://liberating.it/structures/discovery-action-dialogue-dad/,101,n/a,101,n/a,101,n/a,101,n/a,101,n/a,101,n/a,101,n/a,101,n/a,101,n/a,101,n/a,101,n/a,101,n/a,101,n/a,101,n/a,101,n/a,101,n/a,101,n/a
liberating structures 9 whys,10,4,https://liberating.it/structures/9-whys/,101,n/a,101,n/a,1,https://www.liberatingstructures.com/nine-whys,101,n/a,101,n/a,101,n/a,101,n/a,2,https://www.agileway.it/ls-nine-whys,101,n/a,101,n/a,101,n/a,101,n/a,101,n/a,101,n/a,101,n/a,101,n/a,101,n/a
wicked questions liberating structures,10,5,https://liberating.it/structures/wicked-questions/,101,n/a,101,n/a,1,https://www.liberatingstructures.com/4-wicked-questions/,101,n/a,101,n/a,101,n/a,101,n/a,101,n/a,101,n/a,101,n/a,101,n/a,101,n/a,101,n/a,101,n/a,101,n/a,101,n/a,101,n/a
shift and share liberating structures,10,3,https://liberating.it/structures/shift-share/,101,n/a,101,n/a,1,https://www.liberatingstructures.com/11-shift-share/,101,n/a,101,n/a,38,https://liberatingstructures.eu/,101,n/a,19,https://www.agileway.it/liberating-structures,101,n/a,101,n/a,101,n/a,101,n/a,101,n/a,101,n/a,101,n/a,101,n/a,101,n/a
liberating structures wicked questions,10,5,https://liberating.it/structures/wicked-questions/,101,n/a,101,n/a,1,https://www.liberatingstructures.com/4-wicked-questions/,101,n/a,101,n/a,101,n/a,101,n/a,101,n/a,101,n/a,101,n/a,101,n/a,101,n/a,101,n/a,101,n/a,101,n/a,101,n/a,101,n/a
heard seen respected,10,5,https://liberating.it/structures/heard-seen-respected-hsr/,101,n/a,101,n/a,1,https://www.liberatingstructures.com/heard-seen-respected,101,n/a,101,n/a,101,n/a,101,n/a,101,n/a,101,n/a,101,n/a,101,n/a,101,n/a,101,n/a,101,n/a,101,n/a,101,n/a,101,n/a
discovery and action dialogue,10,3,https://liberating.it/structures/discovery-action-dialogue-dad/,101,n/a,101,n/a,1,https://www.liberatingstructures.com/discovery-and-action-dialogue,101,n/a,101,n/a,101,n/a,101,n/a,4,https://www.agileway.it/ls-discovery-and-action-dialogues,101,n/a,101,n/a,101,n/a,101,n/a,101,n/a,101,n/a,101,n/a,101,n/a,101,n/a
min specs liberating structures,10,5,https://liberating.it/structures/min-specs/,101,n/a,101,n/a,2,https://www.liberatingstructures.com/min-specs,9,https://www.loci.it/index.php/fare-il-facilitatore/approcci-tecniche/liberating-structures,101,n/a,33,https://liberatingstructures.eu/liberating-structures-european-learning-gathering/resources/,101,n/a,15,https://www.agileway.it/argomenti/liberating-structures,101,n/a,101,n/a,101,n/a,101,n/a,101,n/a,101,n/a,101,n/a,101,n/a,101,n/a
troika liberating structures,10,2,https://liberating.it/structures/troika-consulting/,101,n/a,101,n/a,1,https://www.liberatingstructures.com/troika-consulting,18,https://www.loci.it/index.php/fare-il-facilitatore/approcci-tecniche/liberating-structures,101,n/a,101,n/a,101,n/a,7,https://www.agileway.it/ls-troika-consulting,101,n/a,101,n/a,101,n/a,101,n/a,101,n/a,101,n/a,101,n/a,101,n/a,101,n/a
liberating structures ecocycle,10,4,https://liberating.it/structures/ecocycle-planning/,101,n/a,101,n/a,1,https://www.liberatingstructures.com/ecocycle-planning,15,https://www.loci.it/index.php/fare-il-facilitatore/approcci-tecniche/liberating-structures,101,n/a,101,n/a,101,n/a,3,https://www.agileway.it/argomenti/liberating-structures,101,n/a,101,n/a,101,n/a,101,n/a,101,n/a,101,n/a,101,n/a,101,n/a,101,n/a
troika consulting liberating structures,10,6,https://liberating.it/structures/troika-consulting/,101,n/a,101,n/a,1,https://www.liberatingstructures.com/troika-consulting,101,n/a,101,n/a,101,n/a,101,n/a,2,https://www.agileway.it/ls-troika-consulting,101,n/a,101,n/a,101,n/a,101,n/a,101,n/a,101,n/a,101,n/a,101,n/a,101,n/a
liberating structures what so what now what,10,4,https://liberating.it/structures/w3-what-so-what-now-what/,101,n/a,101,n/a,1,https://www.liberatingstructures.com/what-so-what-now-what,101,n/a,101,n/a,101,n/a,101,n/a,101,n/a,101,n/a,101,n/a,101,n/a,101,n/a,101,n/a,101,n/a,101,n/a,101,n/a,101,n/a
1 2 4 method,10,4,https://liberating.it/structures/1-2-4-all/,101,n/a,101,n/a,1,https://www.liberatingstructures.com/1-2-4-all,101,n/a,101,n/a,101,n/a,101,n/a,10,https://www.agileway.it/ls-1-2-4-all,101,n/a,101,n/a,101,n/a,101,n/a,101,n/a,101,n/a,101,n/a,101,n/a,101,n/a
troika consulting method,10,23,https://liberating.it/structures/troika-consulting/,101,n/a,101,n/a,5,https://www.liberatingstructures.com/troika-consulting,101,n/a,101,n/a,101,n/a,101,n/a,3,https://www.agileway.it/ls-troika-consulting,101,n/a,101,n/a,101,n/a,101,n/a,101,n/a,101,n/a,101,n/a,101,n/a,101,n/a
domande paradossali,10,101,n/a,101,n/a,101,n/a,101,n/a,101,n/a,101,n/a,101,n/a,101,n/a,101,n/a,101,n/a,101,n/a,101,n/a,101,n/a,101,n/a,101,n/a,101,n/a,101,n/a,101,n/a
fishbowl liberating structures,10,3,https://liberating.it/structures/user-experience-fishbowl/,101,n/a,101,n/a,1,https://www.liberatingstructures.com/user-experience-fishbowl,10,https://www.loci.it/index.php/fare-il-facilitatore/approcci-tecniche/liberating-structures,101,n/a,29,https://liberatingstructures.eu/,101,n/a,101,n/a,101,n/a,101,n/a,101,n/a,101,n/a,101,n/a,101,n/a,101,n/a,101,n/a,101,n/a
resistenze al cambiamento,10,101,n/a,101,n/a,101,n/a,101,n/a,101,n/a,101,n/a,101,n/a,101,n/a,101,n/a,101,n/a,101,n/a,101,n/a,101,n/a,1,https://www.qrpinternational.it/blog/change-management/la-maledizione-della-resistenza-superare-la-resistenza-al-cambiamento-nella-tua-organizzazione/,101,n/a,101,n/a,101,n/a,101,n/a
facilitazione visuale,10,101,n/a,101,n/a,101,n/a,101,n/a,101,n/a,101,n/a,101,n/a,101,n/a,101,n/a,101,n/a,101,n/a,101,n/a,101,n/a,101,n/a,101,n/a,101,n/a,101,n/a,101,n/a
gestione cambiamento,10,101,n/a,101,n/a,101,n/a,101,n/a,101,n/a,101,n/a,101,n/a,101,n/a,101,n/a,101,n/a,101,n/a,101,n/a,101,n/a,101,n/a,101,n/a,32,https://oltremeta.it/blog/change-management-organizzativo,101,n/a,101,n/a
oggetto parlante,10,101,n/a,101,n/a,101,n/a,101,n/a,101,n/a,101,n/a,101,n/a,101,n/a,101,n/a,101,n/a,101,n/a,101,n/a,101,n/a,101,n/a,101,n/a,101,n/a,101,n/a,101,n/a
resilienza organizzativa,10,101,n/a,101,n/a,101,n/a,101,n/a,101,n/a,101,n/a,101,n/a,101,n/a,101,n/a,101,n/a,101,n/a,101,n/a,101,n/a,101,n/a,101,n/a,101,n/a,101,n/a,25,https://www.francoangeli.it/Libro/La-resilienza-organizzativa-Come-gestire-i-cambiamenti-mediante-gli-standard-internazionali?Id=27535
coaching comportamentale,0,101,n/a,101,n/a,101,n/a,101,n/a,101,n/a,101,n/a,101,n/a,101,n/a,101,n/a,101,n/a,101,n/a,101,n/a,101,n/a,101,n/a,101,n/a,101,n/a,101,n/a,101,n/a
tecnica 1 2 4,0,4,https://liberating.it/structures/1-2-4-all/,101,n/a,101,n/a,101,n/a,101,n/a,101,n/a,101,n/a,101,n/a,1,https://www.agileway.it/ls-1-2-4-all,101,n/a,101,n/a,101,n/a,101,n/a,101,n/a,101,n/a,101,n/a,101,n/a,101,n/a
libertà responsabile,0,101,n/a,101,n/a,101,n/a,101,n/a,101,n/a,101,n/a,101,n/a,101,n/a,101,n/a,101,n/a,101,n/a,101,n/a,101,n/a,101,n/a,101,n/a,101,n/a,101,n/a,101,n/a
decisioni importanti,0,101,n/a,101,n/a,101,n/a,101,n/a,101,n/a,101,n/a,101,n/a,101,n/a,101,n/a,101,n/a,101,n/a,101,n/a,101,n/a,101,n/a,101,n/a,101,n/a,101,n/a,101,n/a
condivisione storie,0,101,n/a,101,n/a,101,n/a,101,n/a,101,n/a,101,n/a,101,n/a,101,n/a,101,n/a,101,n/a,101,n/a,101,n/a,101,n/a,101,n/a,101,n/a,101,n/a,101,n/a,101,n/a
coinvolgimento attivo,0,101,n/a,101,n/a,101,n/a,101,n/a,101,n/a,101,n/a,101,n/a,101,n/a,101,n/a,101,n/a,101,n/a,101,n/a,101,n/a,101,n/a,101,n/a,101,n/a,101,n/a,101,n/a
trasformazione organizzativa,n/a,101,n/a,101,n/a,101,n/a,101,n/a,101,n/a,101,n/a,101,n/a,101,n/a,101,n/a,101,n/a,101,n/a,101,n/a,101,n/a,101,n/a,101,n/a,32,https://oltremeta.it/blog/change-management-organizzativo,101,n/a,101,n/a
1-2-4-all,n/a,1,https://liberating.it/structures/1-2-4-all/,101,n/a,101,n/a,2,https://www.liberatingstructures.com/1-2-4-all,101,n/a,101,n/a,101,n/a,101,n/a,3,https://www.agileway.it/ls-1-2-4-all,101,n/a,101,n/a,101,n/a,101,n/a,101,n/a,101,n/a,101,n/a,101,n/a,101,n/a
Impromptu Networking,n/a,1,https://liberating.it/structures/impromptu-networking/,101,n/a,101,n/a,2,https://www.liberatingstructures.com/2-impromptu-networking/,101,n/a,101,n/a,101,n/a,101,n/a,3,https://www.agileway.it/ls-impromptu-networking,101,n/a,101,n/a,101,n/a,101,n/a,101,n/a,101,n/a,101,n/a,101,n/a,101,n/a
9 Whys,n/a,4,https://liberating.it/structures/9-whys/,101,n/a,101,n/a,3,https://www.liberatingstructures.com/nine-whys,101,n/a,101,n/a,101,n/a,101,n/a,1,https://www.agileway.it/ls-nine-whys,101,n/a,101,n/a,101,n/a,101,n/a,101,n/a,101,n/a,101,n/a,101,n/a,101,n/a
Wicked Questions,n/a,101,n/a,101,n/a,101,n/a,16,https://www.liberatingstructures.com/wicked-questions,101,n/a,101,n/a,101,n/a,101,n/a,101,n/a,101,n/a,101,n/a,101,n/a,101,n/a,101,n/a,101,n/a,101,n/a,101,n/a,101,n/a
Appreciative Interviews,n/a,5,https://liberating.it/structures/appreciative-interviews-ai/,101,n/a,101,n/a,1,https://www.liberatingstructures.com/appreciative-interviews,33,https://www.loci.it/fare-il-facilitatore/approcci-tecniche/appreciative-inquiry,101,n/a,101,n/a,101,n/a,2,https://www.agileway.it/ls-appreciative-interviews,101,n/a,101,n/a,101,n/a,101,n/a,101,n/a,101,n/a,101,n/a,101,n/a,101,n/a
15% Solutions,n/a,2,https://liberating.it/structures/15-solutions/,101,n/a,101,n/a,1,https://www.liberatingstructures.com/15-percent-solutions,101,n/a,101,n/a,101,n/a,101,n/a,101,n/a,101,n/a,101,n/a,101,n/a,101,n/a,101,n/a,101,n/a,101,n/a,101,n/a,101,n/a
"What, So What, Now What?",n/a,33,https://liberating.it/structures/w3-what-so-what-now-what/,101,n/a,101,n/a,101,n/a,101,n/a,101,n/a,101,n/a,101,n/a,9,https://www.agileway.it/ls-what-so-what-now-what,101,n/a,101,n/a,101,n/a,101,n/a,101,n/a,101,n/a,101,n/a,101,n/a,101,n/a
Discovery &amp; Action Dialogue,n/a,4,https://liberating.it/structures/discovery-action-dialogue-dad/,101,n/a,101,n/a,1,https://www.liberatingstructures.com/discovery-and-action-dialogue,101,n/a,101,n/a,101,n/a,101,n/a,6,https://www.agileway.it/ls-discovery-and-action-dialogues,101,n/a,101,n/a,101,n/a,101,n/a,101,n/a,101,n/a,101,n/a,101,n/a,101,n/a
Shift &amp; Share,n/a,4,https://liberating.it/structures/shift-share/,101,n/a,101,n/a,1,https://www.liberatingstructures.com/11-shift-share/,101,n/a,101,n/a,101,n/a,101,n/a,101,n/a,101,n/a,101,n/a,101,n/a,101,n/a,101,n/a,101,n/a,101,n/a,101,n/a,101,n/a
25/10 Crowd Sourcing,n/a,2,https://liberating.it/structures/25-10-crowd-sourcing/,101,n/a,101,n/a,1,https://www.liberatingstructures.com/25-10-crowdsourcing,101,n/a,101,n/a,101,n/a,101,n/a,5,https://www.agileway.it/ls-2510-crowd-sourcing,101,n/a,101,n/a,101,n/a,101,n/a,101,n/a,101,n/a,101,n/a,101,n/a,101,n/a
Wise Crowds,n/a,3,https://liberating.it/structures/wise-crowds/,101,n/a,101,n/a,1,https://www.liberatingstructures.com/wise-crowds,101,n/a,101,n/a,101,n/a,101,n/a,101,n/a,101,n/a,101,n/a,101,n/a,101,n/a,101,n/a,101,n/a,101,n/a,101,n/a,101,n/a
Min Specs,n/a,101,n/a,101,n/a,101,n/a,101,n/a,101,n/a,101,n/a,101,n/a,101,n/a,101,n/a,101,n/a,101,n/a,101,n/a,101,n/a,101,n/a,101,n/a,101,n/a,101,n/a,101,n/a
Improv Prototyping,n/a,2,https://liberating.it/structures/improv-prototyping/,101,n/a,101,n/a,1,https://www.liberatingstructures.com/15-improv-prototyping/,101,n/a,101,n/a,101,n/a,101,n/a,101,n/a,101,n/a,101,n/a,101,n/a,101,n/a,101,n/a,101,n/a,101,n/a,101,n/a,101,n/a
Helping Heuristics,n/a,5,https://liberating.it/structures/helping-heuristics/,101,n/a,101,n/a,1,https://www.liberatingstructures.com/16-helping-heuristics/,101,n/a,101,n/a,101,n/a,101,n/a,2,https://www.agileway.it/ls-helping-heuristics,101,n/a,101,n/a,101,n/a,101,n/a,101,n/a,101,n/a,101,n/a,101,n/a,101,n/a
Conversation Café,n/a,2,https://liberating.it/structures/conversation-cafe/,101,n/a,101,n/a,1,https://www.liberatingstructures.com/conversation-cafe,101,n/a,101,n/a,101,n/a,101,n/a,3,https://www.agileway.it/ls-conversation-cafe,101,n/a,101,n/a,101,n/a,101,n/a,101,n/a,101,n/a,101,n/a,101,n/a,101,n/a
User Experience Fishbowl,n/a,6,https://liberating.it/structures/user-experience-fishbowl/,101,n/a,101,n/a,1,https://www.liberatingstructures.com/user-experience-fishbowl,101,n/a,101,n/a,101,n/a,101,n/a,2,https://www.agileway.it/ls-user-experience-fishbowl,101,n/a,101,n/a,101,n/a,101,n/a,101,n/a,101,n/a,101,n/a,101,n/a,101,n/a
UX Fishbowl,n/a,101,n/a,101,n/a,101,n/a,101,n/a,101,n/a,101,n/a,101,n/a,101,n/a,2,https://www.agileway.it/ls-user-experience-fishbowl,101,n/a,101,n/a,101,n/a,101,n/a,101,n/a,101,n/a,101,n/a,101,n/a,101,n/a
"Heard, Seen, Respected",n/a,6,https://liberating.it/structures/heard-seen-respected-hsr/,101,n/a,101,n/a,1,https://www.liberatingstructures.com/heard-seen-respected,101,n/a,101,n/a,101,n/a,101,n/a,101,n/a,101,n/a,101,n/a,101,n/a,101,n/a,101,n/a,101,n/a,101,n/a,101,n/a,101,n/a
Drawing Together,n/a,6,https://liberating.it/structures/drawing-together/,101,n/a,101,n/a,101,n/a,101,n/a,101,n/a,101,n/a,101,n/a,101,n/a,101,n/a,101,n/a,101,n/a,101,n/a,101,n/a,101,n/a,101,n/a,101,n/a,101,n/a
Design StoryBoards,n/a,101,n/a,101,n/a,101,n/a,1,https://www.liberatingstructures.com/design-storyboards,101,n/a,101,n/a,101,n/a,101,n/a,101,n/a,101,n/a,101,n/a,101,n/a,101,n/a,101,n/a,101,n/a,101,n/a,101,n/a,101,n/a
Social Network Webbing,n/a,2,https://liberating.it/structures/social-network-webbing/,101,n/a,101,n/a,1,http://www.liberatingstructures.com/social-network-webbing,101,n/a,101,n/a,101,n/a,101,n/a,3,https://www.agileway.it/ls-social-network-webbing,101,n/a,101,n/a,101,n/a,101,n/a,101,n/a,101,n/a,101,n/a,101,n/a,101,n/a
What I Need From You,n/a,101,n/a,101,n/a,101,n/a,101,n/a,101,n/a,101,n/a,101,n/a,101,n/a,101,n/a,101,n/a,101,n/a,101,n/a,101,n/a,101,n/a,101,n/a,101,n/a,101,n/a,101,n/a
WINFY,n/a,101,n/a,101,n/a,101,n/a,101,n/a,101,n/a,101,n/a,101,n/a,101,n/a,101,n/a,101,n/a,101,n/a,101,n/a,101,n/a,101,n/a,101,n/a,101,n/a,101,n/a,101,n/a
Generate Relationship STAR,n/a,101,n/a,101,n/a,101,n/a,101,n/a,101,n/a,101,n/a,101,n/a,101,n/a,101,n/a,101,n/a,101,n/a,101,n/a,101,n/a,101,n/a,101,n/a,101,n/a,101,n/a,101,n/a
Agreement/Certainty Matrix,n/a,101,n/a,101,n/a,101,n/a,101,n/a,101,n/a,101,n/a,101,n/a,101,n/a,101,n/a,101,n/a,101,n/a,101,n/a,101,n/a,101,n/a,101,n/a,101,n/a,101,n/a,101,n/a
Simple Ethnography,n/a,3,https://liberating.it/structures/simple-ethnography/,101,n/a,101,n/a,101,n/a,101,n/a,101,n/a,101,n/a,101,n/a,101,n/a,101,n/a,101,n/a,101,n/a,101,n/a,101,n/a,101,n/a,101,n/a,101,n/a,101,n/a
Integrated Autonomy,n/a,2,https://liberating.it/structures/integrated-autonomy/,101,n/a,101,n/a,1,https://www.liberatingstructures.com/integrated-autonomy,101,n/a,101,n/a,101,n/a,101,n/a,101,n/a,101,n/a,101,n/a,101,n/a,101,n/a,101,n/a,101,n/a,101,n/a,101,n/a,101,n/a
Critical Uncertainties,n/a,3,https://liberating.it/structures/critical-uncertainties/,101,n/a,101,n/a,1,https://www.liberatingstructures.com/critical-uncertainties,101,n/a,101,n/a,101,n/a,101,n/a,101,n/a,101,n/a,101,n/a,101,n/a,101,n/a,101,n/a,101,n/a,101,n/a,101,n/a,101,n/a
Ecocycle Planning,n/a,3,https://liberating.it/structures/ecocycle-planning/,101,n/a,101,n/a,1,https://www.liberatingstructures.com/ecocycle-planning,101,n/a,101,n/a,101,n/a,101,n/a,101,n/a,101,n/a,101,n/a,101,n/a,101,n/a,101,n/a,101,n/a,101,n/a,101,n/a,101,n/a
Purpose to Practice,n/a,4,https://liberating.it/structures/purpose-to-practice-p2p/,101,n/a,101,n/a,1,https://www.liberatingstructures.com/purpose-to-practice,101,n/a,101,n/a,101,n/a,101,n/a,2,https://www.agileway.it/ls-purpose-to-practice,101,n/a,101,n/a,101,n/a,101,n/a,101,n/a,101,n/a,101,n/a,101,n/a,101,n/a
Talking with Pixies,n/a,1,https://liberating.it/structures/talking-with-pixies/,101,n/a,101,n/a,3,https://www.liberatingstructures.com/talking-with-pixies,101,n/a,101,n/a,101,n/a,101,n/a,101,n/a,101,n/a,101,n/a,101,n/a,101,n/a,101,n/a,101,n/a,101,n/a,101,n/a,101,n/a
1-2-4 all,n/a,1,https://liberating.it/structures/1-2-4-all/,101,n/a,101,n/a,2,https://www.liberatingstructures.com/1-2-4-all,101,n/a,101,n/a,101,n/a,101,n/a,3,https://www.agileway.it/ls-1-2-4-all,101,n/a,101,n/a,101,n/a,101,n/a,101,n/a,101,n/a,101,n/a,101,n/a,101,n/a
metodo triz cos'è,n/a,101,n/a,101,n/a,101,n/a,101,n/a,101,n/a,101,n/a,101,n/a,101,n/a,14,https://www.agileway.it/ls-triz,101,n/a,101,n/a,101,n/a,101,n/a,101,n/a,101,n/a,101,n/a,101,n/a,101,n/a
ecocycle template,n/a,2,https://liberating.it/structures/ecocycle-planning/,101,n/a,101,n/a,1,https://www.liberatingstructures.com/ecocycle-planning,101,n/a,101,n/a,101,n/a,101,n/a,101,n/a,101,n/a,101,n/a,101,n/a,101,n/a,101,n/a,101,n/a,101,n/a,101,n/a,101,n/a
crowd-sourcing,n/a,101,n/a,101,n/a,101,n/a,101,n/a,101,n/a,101,n/a,101,n/a,101,n/a,101,n/a,101,n/a,101,n/a,101,n/a,101,n/a,101,n/a,101,n/a,101,n/a,101,n/a,101,n/a
liberating structure,n/a,2,https://liberating.it/,101,n/a,101,n/a,1,https://www.liberatingstructures.com/,4,https://www.loci.it/index.php/fare-il-facilitatore/approcci-tecniche/liberating-structures,101,n/a,19,https://liberatingstructures.eu/,101,n/a,6,https://www.agileway.it/argomenti/liberating-structures,101,n/a,101,n/a,101,n/a,101,n/a,101,n/a,101,n/a,101,n/a,101,n/a,101,n/a
liberating structures 1-2-4-all,n/a,2,https://liberating.it/structures/1-2-4-all/,101,n/a,101,n/a,1,https://www.liberatingstructures.com/1-2-4-all,18,https://www.loci.it/index.php/fare-il-facilitatore/approcci-tecniche/liberating-structures,101,n/a,101,n/a,101,n/a,3,https://www.agileway.it/liberating-structures,101,n/a,101,n/a,101,n/a,101,n/a,101,n/a,101,n/a,101,n/a,101,n/a,101,n/a
25/10 liberating structures,n/a,2,https://liberating.it/structures/25-10-crowd-sourcing/,101,n/a,101,n/a,1,https://www.liberatingstructures.com/25-10-crowdsourcing,9,https://www.loci.it/index.php/fare-il-facilitatore/approcci-tecniche/liberating-structures,101,n/a,44,https://liberatingstructures.eu/,101,n/a,8,https://www.agileway.it/ls-2510-crowd-sourcing,101,n/a,101,n/a,101,n/a,101,n/a,101,n/a,101,n/a,101,n/a,101,n/a,101,n/a
25/10 crowdsourcing,n/a,2,https://liberating.it/structures/25-10-crowd-sourcing/,101,n/a,101,n/a,1,https://www.liberatingstructures.com/25-10-crowdsourcing,101,n/a,101,n/a,101,n/a,101,n/a,8,https://www.agileway.it/ls-2510-crowd-sourcing,101,n/a,101,n/a,101,n/a,101,n/a,101,n/a,101,n/a,101,n/a,101,n/a,101,n/a
liberating structures.com,n/a,2,https://liberating.it/,101,n/a,101,n/a,1,https://www.liberatingstructures.com/,4,https://www.loci.it/index.php/fare-il-facilitatore/approcci-tecniche/liberating-structures,101,n/a,15,https://liberatingstructures.eu/,101,n/a,8,https://www.agileway.it/liberating-structures,101,n/a,101,n/a,101,n/a,101,n/a,101,n/a,101,n/a,101,n/a,101,n/a,101,n/a
ecocycle planning template,n/a,4,https://liberating.it/structures/ecocycle-planning/,101,n/a,101,n/a,1,https://www.liberatingstructures.com/ecocycle-planning,101,n/a,101,n/a,101,n/a,101,n/a,101,n/a,101,n/a,101,n/a,101,n/a,101,n/a,101,n/a,101,n/a,101,n/a,101,n/a,101,n/a
innovazione partecipativa,n/a,101,n/a,101,n/a,101,n/a,101,n/a,101,n/a,101,n/a,101,n/a,101,n/a,101,n/a,101,n/a,101,n/a,101,n/a,101,n/a,101,n/a,101,n/a,101,n/a,101,n/a,1,https://www.francoangeli.it/Libro/Innovazione-sociale-e-strumenti-di-partecipazione-Il-crowdsourcing-per-lo-sviluppo-di-comunit%C3%A0?Id=27096
innovazione spontanea,n/a,101,n/a,101,n/a,101,n/a,101,n/a,101,n/a,101,n/a,101,n/a,101,n/a,101,n/a,101,n/a,101,n/a,101,n/a,101,n/a,101,n/a,101,n/a,101,n/a,101,n/a,101,n/a
inclusività reale,n/a,101,n/a,101,n/a,101,n/a,101,n/a,101,n/a,101,n/a,101,n/a,101,n/a,101,n/a,101,n/a,101,n/a,101,n/a,101,n/a,101,n/a,101,n/a,101,n/a,101,n/a,101,n/a
rispetto autentico,n/a,101,n/a,101,n/a,101,n/a,101,n/a,101,n/a,101,n/a,101,n/a,101,n/a,101,n/a,101,n/a,101,n/a,101,n/a,101,n/a,101,n/a,101,n/a,101,n/a,101,n/a,101,n/a
fiducia condivisa,n/a,101,n/a,101,n/a,101,n/a,101,n/a,101,n/a,101,n/a,101,n/a,101,n/a,101,n/a,101,n/a,101,n/a,101,n/a,101,n/a,101,n/a,101,n/a,101,n/a,101,n/a,101,n/a
riunioni inefficaci,n/a,101,n/a,101,n/a,101,n/a,101,n/a,101,n/a,101,n/a,101,n/a,101,n/a,101,n/a,101,n/a,101,n/a,101,n/a,101,n/a,101,n/a,101,n/a,16,https://oltremeta.it/storie-oltremeta/riunioni-efficaci,101,n/a,101,n/a
partecipazione limitata,n/a,101,n/a,101,n/a,101,n/a,101,n/a,101,n/a,101,n/a,101,n/a,101,n/a,101,n/a,101,n/a,101,n/a,101,n/a,101,n/a,101,n/a,101,n/a,101,n/a,101,n/a,101,n/a
riflessione strutturata,n/a,101,n/a,101,n/a,101,n/a,101,n/a,101,n/a,101,n/a,101,n/a,101,n/a,101,n/a,101,n/a,101,n/a,101,n/a,101,n/a,101,n/a,101,n/a,101,n/a,101,n/a,101,n/a
generazione idee,n/a,101,n/a,101,n/a,101,n/a,101,n/a,101,n/a,101,n/a,101,n/a,101,n/a,101,n/a,101,n/a,101,n/a,101,n/a,101,n/a,101,n/a,101,n/a,101,n/a,101,n/a,101,n/a
consapevolezza collettiva,n/a,101,n/a,101,n/a,101,n/a,101,n/a,101,n/a,101,n/a,101,n/a,101,n/a,101,n/a,101,n/a,101,n/a,101,n/a,101,n/a,101,n/a,101,n/a,101,n/a,101,n/a,101,n/a
facilitazione remota,n/a,101,n/a,101,n/a,101,n/a,101,n/a,101,n/a,101,n/a,101,n/a,101,n/a,101,n/a,101,n/a,101,n/a,101,n/a,19,https://www.agilemadeinitaly.com/corsi-speciali/agile-coaching-larte-della-facilitazione-e-del-coaching-dei-team-agili/,101,n/a,101,n/a,101,n/a,101,n/a,101,n/a
spazi collaborativi,n/a,101,n/a,101,n/a,101,n/a,101,n/a,101,n/a,101,n/a,101,n/a,101,n/a,101,n/a,101,n/a,101,n/a,101,n/a,101,n/a,101,n/a,101,n/a,101,n/a,37,https://talentgarden.com/it/coworking,28,https://www.francoangeli.it/Libro/Spazi-collaborativi-e-talento?Id=29969
Quiet Presence,n/a,101,n/a,101,n/a,101,n/a,101,n/a,101,n/a,101,n/a,101,n/a,101,n/a,101,n/a,101,n/a,101,n/a,101,n/a,101,n/a,101,n/a,101,n/a,101,n/a,101,n/a,101,n/a
consulenza tra pari,n/a,101,n/a,101,n/a,101,n/a,101,n/a,101,n/a,101,n/a,101,n/a,101,n/a,101,n/a,101,n/a,101,n/a,101,n/a,101,n/a,101,n/a,101,n/a,101,n/a,101,n/a,101,n/a
networking strutturato,n/a,101,n/a,101,n/a,101,n/a,101,n/a,101,n/a,101,n/a,101,n/a,101,n/a,101,n/a,101,n/a,101,n/a,101,n/a,101,n/a,101,n/a,101,n/a,101,n/a,101,n/a,101,n/a
problem solving collaborativo,n/a,101,n/a,101,n/a,101,n/a,101,n/a,101,n/a,101,n/a,101,n/a,101,n/a,101,n/a,101,n/a,101,n/a,101,n/a,101,n/a,101,n/a,101,n/a,26,https://oltremeta.it/blog/problem-solving-creativo,101,n/a,101,n/a
pattern relazionali,n/a,101,n/a,101,n/a,101,n/a,101,n/a,101,n/a,101,n/a,101,n/a,101,n/a,101,n/a,101,n/a,101,n/a,101,n/a,101,n/a,101,n/a,101,n/a,101,n/a,101,n/a,101,n/a
soluzioni condivise,n/a,101,n/a,101,n/a,101,n/a,101,n/a,101,n/a,101,n/a,101,n/a,101,n/a,101,n/a,101,n/a,101,n/a,101,n/a,101,n/a,101,n/a,101,n/a,101,n/a,101,n/a,101,n/a
connessioni significative,n/a,101,n/a,101,n/a,101,n/a,101,n/a,101,n/a,101,n/a,101,n/a,101,n/a,101,n/a,101,n/a,101,n/a,101,n/a,101,n/a,101,n/a,101,n/a,101,n/a,101,n/a,101,n/a
gruppi piccoli,n/a,101,n/a,101,n/a,101,n/a,101,n/a,101,n/a,101,n/a,101,n/a,101,n/a,101,n/a,101,n/a,101,n/a,101,n/a,101,n/a,101,n/a,101,n/a,101,n/a,101,n/a,101,n/a
documenti collaborativi,n/a,101,n/a,101,n/a,101,n/a,101,n/a,101,n/a,101,n/a,101,n/a,101,n/a,101,n/a,101,n/a,101,n/a,101,n/a,101,n/a,101,n/a,101,n/a,101,n/a,101,n/a,101,n/a
interviste apprezzative,n/a,101,n/a,101,n/a,101,n/a,101,n/a,101,n/a,101,n/a,101,n/a,101,n/a,101,n/a,101,n/a,101,n/a,101,n/a,101,n/a,101,n/a,101,n/a,101,n/a,101,n/a,101,n/a
dialogo strutturato,n/a,101,n/a,101,n/a,101,n/a,101,n/a,101,n/a,101,n/a,101,n/a,101,n/a,101,n/a,101,n/a,101,n/a,101,n/a,101,n/a,101,n/a,101,n/a,101,n/a,101,n/a,101,n/a
decisioni collettive,n/a,101,n/a,101,n/a,101,n/a,101,n/a,101,n/a,101,n/a,101,n/a,101,n/a,101,n/a,101,n/a,101,n/a,101,n/a,101,n/a,101,n/a,101,n/a,101,n/a,101,n/a,101,n/a
pattern organizzativi,n/a,101,n/a,101,n/a,101,n/a,101,n/a,101,n/a,101,n/a,101,n/a,101,n/a,101,n/a,101,n/a,101,n/a,101,n/a,101,n/a,43,https://www.qrpinternational.it/blog/glossario/strutture-organizzative-tipologie-vantaggi-e-best-practice/,101,n/a,101,n/a,101,n/a,101,n/a
consapevolezza condivisa,n/a,101,n/a,101,n/a,101,n/a,101,n/a,101,n/a,101,n/a,101,n/a,101,n/a,101,n/a,101,n/a,101,n/a,101,n/a,101,n/a,101,n/a,101,n/a,101,n/a,101,n/a,101,n/a
microstrutture liberanti,n/a,101,n/a,101,n/a,101,n/a,101,n/a,101,n/a,101,n/a,101,n/a,101,n/a,101,n/a,101,n/a,101,n/a,101,n/a,101,n/a,101,n/a,101,n/a,101,n/a,101,n/a,101,n/a
facilitazione strutturata,n/a,101,n/a,101,n/a,101,n/a,101,n/a,40,https://www.loci.it/attachments/article/203/SSF%20APPROCCI%20E%20TECNICHE%20DI%20FACILITAZIONE%20OTTOBRE%202020.pdf,101,n/a,101,n/a,101,n/a,101,n/a,14,https://www.scuolafacilitatori.it/,101,n/a,101,n/a,101,n/a,101,n/a,101,n/a,101,n/a,101,n/a,101,n/a
semplificazione regole,n/a,101,n/a,101,n/a,101,n/a,101,n/a,101,n/a,101,n/a,101,n/a,101,n/a,101,n/a,101,n/a,101,n/a,101,n/a,101,n/a,101,n/a,101,n/a,101,n/a,101,n/a,101,n/a
condivisione innovazioni,n/a,101,n/a,101,n/a,101,n/a,101,n/a,101,n/a,101,n/a,101,n/a,101,n/a,101,n/a,101,n/a,101,n/a,101,n/a,101,n/a,101,n/a,101,n/a,101,n/a,101,n/a,101,n/a
eliminazione ostacoli,n/a,101,n/a,101,n/a,101,n/a,101,n/a,101,n/a,101,n/a,101,n/a,101,n/a,101,n/a,101,n/a,101,n/a,101,n/a,101,n/a,101,n/a,101,n/a,101,n/a,101,n/a,101,n/a
consultazione collettiva,n/a,101,n/a,101,n/a,101,n/a,101,n/a,101,n/a,101,n/a,101,n/a,101,n/a,101,n/a,101,n/a,101,n/a,101,n/a,101,n/a,101,n/a,101,n/a,101,n/a,101,n/a,101,n/a
orientamento nuovi membri,n/a,101,n/a,101,n/a,101,n/a,101,n/a,101,n/a,101,n/a,101,n/a,101,n/a,101,n/a,101,n/a,101,n/a,101,n/a,101,n/a,101,n/a,101,n/a,101,n/a,101,n/a,101,n/a
trasformazione radicale,n/a,101,n/a,101,n/a,101,n/a,101,n/a,101,n/a,101,n/a,101,n/a,101,n/a,101,n/a,101,n/a,101,n/a,101,n/a,101,n/a,101,n/a,101,n/a,101,n/a,101,n/a,101,n/a
mentoring tra pari,n/a,101,n/a,101,n/a,101,n/a,101,n/a,101,n/a,101,n/a,101,n/a,101,n/a,101,n/a,101,n/a,101,n/a,101,n/a,101,n/a,101,n/a,101,n/a,101,n/a,101,n/a,101,n/a
semplificazione processi,n/a,101,n/a,101,n/a,101,n/a,101,n/a,101,n/a,101,n/a,101,n/a,101,n/a,101,n/a,101,n/a,101,n/a,101,n/a,101,n/a,101,n/a,101,n/a,101,n/a,101,n/a,101,n/a
innovazione diffusa,n/a,101,n/a,101,n/a,101,n/a,101,n/a,101,n/a,101,n/a,101,n/a,101,n/a,101,n/a,101,n/a,101,n/a,101,n/a,101,n/a,101,n/a,101,n/a,101,n/a,101,n/a,2,https://www.francoangeli.it/Libro/Fare-innovazione-diffusa.-Quando-le-idee-dei-dipendenti-migliorano-la-competitivit%C3%A0-dell%27azienda?Id=25990
eliminazione sprechi,n/a,101,n/a,101,n/a,101,n/a,101,n/a,101,n/a,101,n/a,101,n/a,101,n/a,101,n/a,101,n/a,101,n/a,27,https://www.mentipratiche.it/i-7-muda-nel-lean-office-sprechi-che-ostacolano-l-efficienza-negli-uffici/,101,n/a,101,n/a,101,n/a,101,n/a,101,n/a,101,n/a
matrice accordo-certezza,n/a,5,https://liberating.it/structures/agreement-certainty-matrix/,101,n/a,101,n/a,101,n/a,101,n/a,101,n/a,101,n/a,101,n/a,3,https://www.agileway.it/ls-agreement-certainty-matrix,101,n/a,101,n/a,101,n/a,101,n/a,101,n/a,101,n/a,101,n/a,101,n/a,101,n/a
gestione incertezza,n/a,101,n/a,101,n/a,101,n/a,101,n/a,101,n/a,101,n/a,101,n/a,101,n/a,101,n/a,101,n/a,101,n/a,101,n/a,101,n/a,101,n/a,101,n/a,101,n/a,101,n/a,101,n/a
rinnovamento organizzativo,n/a,101,n/a,101,n/a,101,n/a,101,n/a,101,n/a,101,n/a,101,n/a,101,n/a,101,n/a,101,n/a,101,n/a,101,n/a,101,n/a,101,n/a,101,n/a,101,n/a,101,n/a,34,https://www.francoangeli.it/riviste/articolo/67561
sviluppo strategie,n/a,101,n/a,101,n/a,101,n/a,101,n/a,101,n/a,101,n/a,101,n/a,101,n/a,101,n/a,101,n/a,101,n/a,101,n/a,101,n/a,101,n/a,101,n/a,101,n/a,101,n/a,101,n/a
facilitazione strategica,n/a,101,n/a,101,n/a,101,n/a,101,n/a,18,https://www.loci.it/scuola-di-facilitazione/i-nostri-corsi/approcci-e-tecniche-progettazione-partecipata,101,n/a,101,n/a,28,https://www.collectivegenius.it/blog/facilitazione/facilitazione/,101,n/a,8,https://www.scuolafacilitatori.it/master-face/fare-il-facilitatore-3-livello/,101,n/a,101,n/a,101,n/a,101,n/a,101,n/a,101,n/a,101,n/a,101,n/a
gestione complessità,n/a,101,n/a,101,n/a,101,n/a,101,n/a,101,n/a,101,n/a,101,n/a,101,n/a,101,n/a,101,n/a,101,n/a,101,n/a,101,n/a,101,n/a,101,n/a,26,https://oltremeta.it/raggiungi-gli-obiettivi/gestione-della-complessita,101,n/a,101,n/a
strategie robuste,n/a,101,n/a,101,n/a,101,n/a,101,n/a,101,n/a,101,n/a,101,n/a,101,n/a,101,n/a,101,n/a,101,n/a,101,n/a,101,n/a,101,n/a,101,n/a,101,n/a,101,n/a,101,n/a
priorità condivise,n/a,101,n/a,101,n/a,101,n/a,101,n/a,101,n/a,101,n/a,101,n/a,101,n/a,101,n/a,101,n/a,101,n/a,101,n/a,101,n/a,101,n/a,20,https://www.productheroes.it/priorita-sviluppo-di-prodotto/,101,n/a,101,n/a,101,n/a
innovazione strutturata,n/a,101,n/a,101,n/a,101,n/a,101,n/a,101,n/a,101,n/a,101,n/a,101,n/a,101,n/a,101,n/a,101,n/a,101,n/a,101,n/a,101,n/a,101,n/a,101,n/a,101,n/a,101,n/a
configurazione workshop,n/a,101,n/a,101,n/a,101,n/a,101,n/a,101,n/a,101,n/a,101,n/a,101,n/a,101,n/a,101,n/a,101,n/a,101,n/a,101,n/a,101,n/a,101,n/a,101,n/a,101,n/a,101,n/a
prototipazione comportamentale,n/a,101,n/a,101,n/a,101,n/a,101,n/a,101,n/a,101,n/a,101,n/a,101,n/a,101,n/a,101,n/a,101,n/a,101,n/a,101,n/a,101,n/a,101,n/a,101,n/a,101,n/a,101,n/a
improvvisazione costruttiva,n/a,29,https://liberating.it/structures/improv-prototyping/,101,n/a,101,n/a,101,n/a,101,n/a,101,n/a,101,n/a,101,n/a,101,n/a,101,n/a,101,n/a,101,n/a,101,n/a,101,n/a,101,n/a,101,n/a,101,n/a,101,n/a
modellazione comportamentale,n/a,101,n/a,101,n/a,101,n/a,101,n/a,101,n/a,101,n/a,101,n/a,101,n/a,101,n/a,101,n/a,101,n/a,101,n/a,101,n/a,101,n/a,101,n/a,101,n/a,101,n/a,101,n/a
riflessione sistemica,n/a,101,n/a,101,n/a,101,n/a,101,n/a,101,n/a,101,n/a,101,n/a,101,n/a,101,n/a,101,n/a,101,n/a,101,n/a,101,n/a,39,https://www.qrpinternational.it/blog/glossario/approccio-al-pensiero-sistemico-definizione-origine-e-spiegazioni/,101,n/a,101,n/a,101,n/a,101,n/a
formazione interattiva,n/a,101,n/a,101,n/a,101,n/a,101,n/a,101,n/a,101,n/a,101,n/a,101,n/a,101,n/a,101,n/a,101,n/a,101,n/a,101,n/a,101,n/a,101,n/a,101,n/a,101,n/a,101,n/a
miglioramento interazioni,n/a,101,n/a,101,n/a,101,n/a,101,n/a,101,n/a,101,n/a,101,n/a,101,n/a,101,n/a,101,n/a,101,n/a,101,n/a,101,n/a,101,n/a,101,n/a,101,n/a,101,n/a,101,n/a
prototipi comportamentali,n/a,101,n/a,101,n/a,101,n/a,101,n/a,101,n/a,101,n/a,101,n/a,101,n/a,101,n/a,101,n/a,101,n/a,101,n/a,101,n/a,101,n/a,101,n/a,101,n/a,101,n/a,101,n/a
modelli di interazione,n/a,101,n/a,101,n/a,101,n/a,101,n/a,101,n/a,101,n/a,101,n/a,101,n/a,101,n/a,101,n/a,101,n/a,101,n/a,101,n/a,101,n/a,101,n/a,101,n/a,101,n/a,101,n/a
trasformazione pratiche,n/a,101,n/a,101,n/a,101,n/a,101,n/a,101,n/a,101,n/a,101,n/a,101,n/a,101,n/a,101,n/a,101,n/a,101,n/a,101,n/a,101,n/a,101,n/a,101,n/a,101,n/a,8,https://www.francoangeli.it/Libro/9788820454326/Pratiche-di-trasformazione-dell'urbano?id=21533
improvvisazione guidata,n/a,101,n/a,101,n/a,101,n/a,101,n/a,101,n/a,101,n/a,101,n/a,101,n/a,101,n/a,101,n/a,101,n/a,101,n/a,101,n/a,101,n/a,101,n/a,101,n/a,101,n/a,101,n/a
trasferimento conoscenze,n/a,101,n/a,101,n/a,101,n/a,101,n/a,101,n/a,101,n/a,101,n/a,101,n/a,101,n/a,101,n/a,101,n/a,101,n/a,101,n/a,101,n/a,101,n/a,101,n/a,101,n/a,101,n/a
condivisione esperienze,n/a,101,n/a,101,n/a,101,n/a,101,n/a,101,n/a,101,n/a,101,n/a,101,n/a,101,n/a,101,n/a,101,n/a,101,n/a,101,n/a,101,n/a,101,n/a,101,n/a,101,n/a,101,n/a
gestione silos organizzativi,n/a,101,n/a,101,n/a,101,n/a,101,n/a,101,n/a,101,n/a,101,n/a,101,n/a,101,n/a,101,n/a,101,n/a,101,n/a,101,n/a,101,n/a,101,n/a,101,n/a,101,n/a,36,https://www.francoangeli.it/Libro/Dalla-rete-al-silos.-Modelli-e-strumenti-per-comunicare-e-gestire-la-conoscenza-nelle-organizzazioni-%22flessibili%22?Id=14969
pattern emergenti,n/a,101,n/a,101,n/a,101,n/a,101,n/a,101,n/a,101,n/a,101,n/a,101,n/a,101,n/a,101,n/a,101,n/a,101,n/a,101,n/a,101,n/a,101,n/a,101,n/a,101,n/a,101,n/a
connessioni dirette,n/a,101,n/a,101,n/a,101,n/a,101,n/a,101,n/a,101,n/a,101,n/a,101,n/a,101,n/a,101,n/a,101,n/a,101,n/a,101,n/a,101,n/a,101,n/a,101,n/a,101,n/a,101,n/a
interdipendenze mappate,n/a,101,n/a,101,n/a,101,n/a,101,n/a,101,n/a,101,n/a,101,n/a,101,n/a,101,n/a,101,n/a,101,n/a,101,n/a,101,n/a,101,n/a,101,n/a,101,n/a,101,n/a,101,n/a
facilitazione dialogica,n/a,101,n/a,101,n/a,101,n/a,101,n/a,36,https://www.loci.it/attachments/article/203/SSF%20APPROCCI%20E%20TECNICHE%20DI%20FACILITAZIONE%20OTTOBRE%202020.pdf,101,n/a,101,n/a,101,n/a,101,n/a,3,https://www.scuolafacilitatori.it/promo2022/E.BOLOGNA.3%20liv-3a.22.pdf,101,n/a,101,n/a,101,n/a,101,n/a,101,n/a,101,n/a,101,n/a,101,n/a
pattern-finding,n/a,101,n/a,101,n/a,101,n/a,101,n/a,101,n/a,101,n/a,101,n/a,101,n/a,101,n/a,101,n/a,101,n/a,101,n/a,101,n/a,101,n/a,101,n/a,101,n/a,101,n/a,101,n/a
come iniziare con le liberating structures,n/a,1,https://liberating.it/,101,n/a,101,n/a,9,https://www.liberatingstructures.com/,8,https://www.loci.it/index.php/fare-il-facilitatore/approcci-tecniche/liberating-structures,101,n/a,101,n/a,101,n/a,3,https://www.agileway.it/liberating-structures,101,n/a,101,n/a,101,n/a,101,n/a,101,n/a,101,n/a,101,n/a,101,n/a,101,n/a
guida completa liberating structures,n/a,3,https://liberating.it/,101,n/a,101,n/a,1,https://www.liberatingstructures.com/,8,https://www.loci.it/index.php/fare-il-facilitatore/approcci-tecniche/liberating-structures,101,n/a,101,n/a,101,n/a,6,https://www.agileway.it/argomenti/liberating-structures,101,n/a,101,n/a,101,n/a,101,n/a,101,n/a,101,n/a,101,n/a,101,n/a,101,n/a
liberating structures per riunioni online efficaci,n/a,2,https://liberating.it/complessita/iniziare-subito/,101,n/a,101,n/a,16,https://www.liberatingstructures.com/ask-questions/post/2692738,6,https://www.loci.it/index.php/fare-il-facilitatore/approcci-tecniche/liberating-structures,101,n/a,101,n/a,101,n/a,1,https://www.agileway.it/liberating-structures,101,n/a,101,n/a,101,n/a,101,n/a,101,n/a,101,n/a,101,n/a,101,n/a,101,n/a
come facilitare 1-2-4-all in team remoti,n/a,2,https://liberating.it/structures/1-2-4-all/,101,n/a,101,n/a,101,n/a,101,n/a,101,n/a,101,n/a,101,n/a,1,https://www.agileway.it/ls-1-2-4-all,101,n/a,101,n/a,101,n/a,101,n/a,101,n/a,101,n/a,101,n/a,101,n/a,101,n/a
1-2-4-all per workshop aziendali,n/a,12,https://liberating.it/structures/purpose-to-practice-p2p/,101,n/a,101,n/a,101,n/a,101,n/a,101,n/a,101,n/a,101,n/a,1,https://www.agileway.it/ls-1-2-4-all,101,n/a,101,n/a,101,n/a,101,n/a,101,n/a,101,n/a,101,n/a,101,n/a,101,n/a
TRIZ per innovazione,n/a,20,https://liberating.it/structures/triz/,101,n/a,101,n/a,101,n/a,101,n/a,101,n/a,101,n/a,101,n/a,37,https://www.agileway.it/ls-triz,101,n/a,101,n/a,101,n/a,101,n/a,101,n/a,101,n/a,101,n/a,101,n/a,101,n/a
TRIZ vs brainstorming,n/a,101,n/a,101,n/a,101,n/a,101,n/a,101,n/a,101,n/a,101,n/a,101,n/a,101,n/a,101,n/a,101,n/a,101,n/a,101,n/a,101,n/a,101,n/a,101,n/a,101,n/a,101,n/a
come gestire resistenza al cambiamento con liberating structures,n/a,29,https://liberating.it/,101,n/a,101,n/a,101,n/a,101,n/a,101,n/a,101,n/a,101,n/a,35,https://www.agileway.it/argomenti/liberating-structures,101,n/a,101,n/a,101,n/a,101,n/a,4,https://www.qrpinternational.it/blog/change-management/la-maledizione-della-resistenza-superare-la-resistenza-al-cambiamento-nella-tua-organizzazione/,101,n/a,101,n/a,101,n/a,101,n/a
facilitare ecocycle planning prima volta,n/a,2,https://liberating.it/structures/ecocycle-planning/,101,n/a,101,n/a,3,https://www.liberatingstructures.com/ecocycle-planning,101,n/a,101,n/a,101,n/a,101,n/a,1,https://www.agileway.it/ls-ecocycle-planning,101,n/a,101,n/a,101,n/a,101,n/a,101,n/a,101,n/a,101,n/a,101,n/a,101,n/a
tecniche impromptu networking team numerosi,n/a,1,https://liberating.it/structures/impromptu-networking/,101,n/a,101,n/a,3,https://www.liberatingstructures.com/2-impromptu-networking/,101,n/a,101,n/a,101,n/a,101,n/a,2,https://www.agileway.it/ls-impromptu-networking,101,n/a,101,n/a,101,n/a,101,n/a,101,n/a,101,n/a,101,n/a,101,n/a,101,n/a
liberating structures per sviluppo leadership partecipativa,n/a,2,https://liberating.it/,101,n/a,101,n/a,13,https://www.liberatingstructures.com/leadership/,14,https://www.loci.it/index.php/fare-il-facilitatore/approcci-tecniche/liberating-structures,101,n/a,101,n/a,101,n/a,7,https://www.agileway.it/argomenti/liberating-structures,101,n/a,101,n/a,101,n/a,101,n/a,101,n/a,101,n/a,101,n/a,101,n/a,101,n/a
come usare wicked questions per strategic planning,n/a,1,https://liberating.it/structures/wicked-questions/,101,n/a,101,n/a,2,https://www.liberatingstructures.com/4-wicked-questions/,101,n/a,101,n/a,101,n/a,101,n/a,3,https://www.agileway.it/ls-wicked-questions,101,n/a,101,n/a,101,n/a,101,n/a,101,n/a,101,n/a,101,n/a,101,n/a,101,n/a
liberating structures per startup tecnologiche,n/a,2,https://liberating.it/,101,n/a,101,n/a,3,https://www.liberatingstructures.com/user-group/,1,https://www.loci.it/index.php/fare-il-facilitatore/approcci-tecniche/liberating-structures,101,n/a,101,n/a,101,n/a,4,https://www.agileway.it/argomenti/liberating-structures,101,n/a,101,n/a,101,n/a,101,n/a,101,n/a,101,n/a,101,n/a,101,n/a,101,n/a
liberating structures gestione conflitti aziendali,n/a,101,n/a,101,n/a,101,n/a,101,n/a,21,https://www.loci.it/index.php/fare-il-facilitatore/approcci-tecniche/liberating-structures,101,n/a,101,n/a,101,n/a,15,https://www.agileway.it/liberating-structures,101,n/a,101,n/a,25,https://www.mentipratiche.it/tecniche-di-gestione-del-conflitto-in-azienda/,101,n/a,101,n/a,101,n/a,101,n/a,101,n/a,101,n/a
facilitare shift and share team multiculturali,n/a,24,https://liberating.it/structures/shift-share/,101,n/a,101,n/a,101,n/a,101,n/a,101,n/a,101,n/a,101,n/a,101,n/a,101,n/a,101,n/a,101,n/a,101,n/a,101,n/a,101,n/a,101,n/a,101,n/a,101,n/a
appreciative interviews cambio organizzativo,n/a,2,https://liberating.it/structures/appreciative-interviews-ai/,101,n/a,101,n/a,10,https://www.liberatingstructures.com/appreciative-interviews,101,n/a,101,n/a,101,n/a,101,n/a,1,https://www.agileway.it/ls-appreciative-interviews,101,n/a,101,n/a,101,n/a,101,n/a,101,n/a,101,n/a,101,n/a,101,n/a,101,n/a
corso base liberating structures online italiano,n/a,44,https://liberating.it/structures/tiny-demons/,101,n/a,101,n/a,16,https://www.liberatingstructures.com/getting-started,101,n/a,101,n/a,101,n/a,101,n/a,35,https://www.agileway.it/argomenti/liberating-structures,101,n/a,101,n/a,101,n/a,101,n/a,101,n/a,101,n/a,101,n/a,101,n/a,101,n/a
certificazione facilitatore liberating structures,n/a,39,https://liberating.it/,101,n/a,101,n/a,14,https://www.liberatingstructures.com/faq-full-text/,33,https://www.loci.it/attachments/article/254/MASTER%20FACILITATORI%202023%20presentazione%20v3.pdf,101,n/a,101,n/a,101,n/a,22,https://www.agileway.it/argomenti/liberating-structures,101,n/a,101,n/a,101,n/a,101,n/a,101,n/a,101,n/a,101,n/a,101,n/a,101,n/a
workshop avanzato metodologie partecipative,n/a,101,n/a,101,n/a,101,n/a,101,n/a,101,n/a,101,n/a,101,n/a,101,n/a,101,n/a,101,n/a,101,n/a,101,n/a,101,n/a,101,n/a,101,n/a,101,n/a,101,n/a,101,n/a
template ecocycle planning italiano,n/a,1,https://liberating.it/structures/ecocycle-planning/,101,n/a,101,n/a,3,https://www.liberatingstructures.com/ecocycle-planning,11,https://www.loci.it/index.php/fare-il-facilitatore/approcci-tecniche/liberating-structures,101,n/a,101,n/a,101,n/a,2,https://www.agileway.it/ls-ecocycle-planning,101,n/a,101,n/a,101,n/a,101,n/a,101,n/a,101,n/a,101,n/a,101,n/a,101,n/a
checklist facilitatore liberating structures,n/a,4,https://liberating.it/difficolta/intermedia/page/2/,101,n/a,101,n/a,1,https://www.liberatingstructures.com/ls-menu-1,2,https://www.loci.it/index.php/fare-il-facilitatore/approcci-tecniche/liberating-structures,101,n/a,37,https://liberatingstructures.eu/liberating-structures-european-learning-gathering/resources/,101,n/a,9,https://www.agileway.it/liberating-structures,101,n/a,101,n/a,101,n/a,101,n/a,101,n/a,101,n/a,101,n/a,101,n/a,101,n/a
materiali formativi discovery action dialogue,n/a,1,https://liberating.it/structures/discovery-action-dialogue-dad/,101,n/a,101,n/a,2,https://www.liberatingstructures.com/discovery-and-action-dialogue,101,n/a,101,n/a,101,n/a,101,n/a,3,https://www.agileway.it/ls-discovery-and-action-dialogues,101,n/a,101,n/a,27,https://www.mentipratiche.it/action-learning-apprendere-in-modo-pratico/,101,n/a,101,n/a,101,n/a,101,n/a,101,n/a,101,n/a