Keyword,Intent,Keyword Difficulty,Keyword Opportunity,CPC,Volume ricerca,Stagionalità
influencers,Informational,56,36,0.78,27100,
influencer,Informational,42,32,0.61,27100,
storytelling,Informational,62,24,0.73,18100,
kaizen,Informational,41,40,0.62,18100,
project manajer,Informational,50,74,1.54,14800,
progect manager,Informational,53,73,1.99,14800,
mvp,Informational,30,60,0.06,14800,
projectmanager,Informational,47,61,2.28,12100,
lungimirante,Informational,53,38,0,8100,
behavior driven development,Informational,33,63,1.17,5400,
bdd,Informational,36,57,1.17,5400,
legge di attrazione,Informational,50,62,0.2,4400,
stand-up,Informational,39,76,0.76,4400,
backlog,Informational,58,30,3.56,4400,
brainstorming significato,Informational,51,74,0,4400,
legge dell'attrazione,Informational,54,41,0.39,3600,
ikigai significato,Informational,40,80,0.24,3600,
just in time,Informational,40,48,0,3600,
scrum master,"Transactional,Informational",37,34,1.26,3600,
change management,Informational,45,38,2.82,2900,
pmp,Informational,35,44,1.72,2900,
tps,Informational,48,37,0,2900,
ostruzionismo,Informational,56,31,0,2900,
itil,Informational,45,39,8.97,2400,
portfolio significato,Informational,50,75,0,2400,
prioritizzazione,Informational,26,68,0,2400,
dor,Commercial,55,33,0.48,2400,
root causes analysis,Informational,32,80,1.11,1900,
business case,Informational,52,29,0.63,1900,
project manager cosa fa,Informational,56,67,0.45,1900,
autorevolezza significato,Informational,30,83,0,1900,
coercitivo,Informational,67,23,0,1900,
oceano blu,Informational,47,31,0.28,1600,
lean management,Informational,29,53,1.34,1600,
facilitazione,Informational,27,47,0,1600,
lungimiranza,Informational,38,45,0,1600,
top down,Informational,55,75,0,1600,
criteria,Informational,52,30,0,1600,
root cause analysis,Informational,41,40,0.95,1600,
bottom-up,Informational,54,48,3.82,1600,
early adoption,Informational,40,78,0,1600,
bottom up,Informational,49,55,0,1600,
insoddisfatti,Informational,44,74,0,1600,
empathy map,Informational,45,24,0,1300,
service desk,Informational,47,30,5.55,1300,
oratoria,Informational,48,39,0,1300,
rca root cause analysis,Informational,32,80,1.85,1300,
digital it transformation,Informational,42,76,17.01,1300,
pmp certificazione,Informational,25,85,3.77,1000,
product owner,Informational,47,30,0.91,1000,
emphaty map,Informational,30,82,0,1000,
empathy maps,Informational,30,81,1.26,1000,
andon,Informational,28,42,1.5,880,
continuos delivery,Informational,33,81,4.7,880,
middle management,Informational,29,46,0.91,880,
service manager,Informational,36,38,2.03,880,
early adopters,Informational,44,64,0,880,
minimun viable product,Informational,35,79,0.31,880,
change manag,Informational,57,32,3.39,880,
reskilling,Informational,61,31,1.4,880,
minimum viable product,Informational,48,38,2.17,880,
user story,Informational,46,37,1.25,880,
portfolio management,Informational,34,44,5.76,880,
change management manager,Informational,38,78,3.39,880,
smo,Informational,41,50,0,880,
approccio sistemico,Informational,44,54,0,720,
master of human resources,Informational,43,77,6.07,720,
struttura funzionale,Informational,32,78,0,720,
leadership servant,Informational,21,83,0.54,720,
digital marketing master,Informational,37,80,12.03,720,
project management certificazioni,"Commercial,Informational",36,81,4.75,720,
autoconsapevolezza,Informational,35,49,0.16,720,
tqm,Informational,34,49,1.38,720,
middle managment,Informational,20,86,0,720,
brainstorming esempi,Informational,34,80,0.17,720,
backlog significato,Informational,42,79,0,720,
rendimenti di scala,Informational,71,23,0,720,
lin management,Informational,22,87,0.73,720,
cobit,Informational,38,35,1.55,720,
minimal viable product,Informational,48,74,0.25,720,
total quality management,Informational,38,41,0.58,720,
crederci sempre arrendersi mai,Informational,62,57,0.02,720,
servant leadership,Informational,36,43,2.36,590,
standup meeting,Informational,36,76,0.47,590,
itil v4,Transactional,34,84,5,590,
top down e bottom up,Informational,55,69,0,590,
pmp certified,Informational,19,89,3.44,590,
product development,Informational,43,45,1.94,590,
struttura divisionale,Informational,23,71,0,590,
retrospective,Informational,43,43,1.76,590,
contingency plan,Informational,50,34,3.17,590,
bottom up e top down,Informational,55,74,0,590,
stand up meetings,Informational,40,79,0.47,590,
bisogni fisiologici,Informational,41,80,0,590,
business case esempio,Informational,48,76,0.83,590,
team event,Informational,51,49,3.21,590,
contingency plans,Informational,41,73,3.17,590,
burndown chart,Informational,45,43,0,590,
cambiare lavoro a 40 anni,Informational,51,55,0.06,590,
certified pmp,Informational,18,89,3.44,590,
infosec,Informational,45,37,4.18,590,
product manager stipendio,"Transactional,Informational",46,76,1.15,590,
sistemico,Informational,44,48,0,590,
test driven development,Informational,40,48,1.3,480,
prince two,Informational,25,86,0,480,
integration test,Informational,49,38,0.71,480,
sistemica,Informational,49,35,0,480,
lungimirante significato,Informational,40,73,0,480,
pensiero sistematico,Informational,14,87,0,480,
delivery management,Informational,29,64,3.76,480,
extreme programming,Informational,46,33,0.29,480,
delivery manager,Informational,44,42,3.76,480,
capacità di problem solving,Informational,55,70,0,480,
esempio organigramma aziendale,Informational,38,80,2.18,480,
economia di scopo,Informational,40,77,0,480,
manifesto agile,"Navigational,Informational",38,57,2.03,480,
struttura aziendale,Informational,42,74,0.49,390,
project manager significato,Informational,53,73,0.21,390,
job to be done,Informational,42,70,0.51,390,
master in design,Transactional,32,76,3.72,390,
metodologia scrum,Informational,44,65,0.98,390,
safe agile,Informational,41,75,1.84,390,
scrum significato,Informational,35,82,1.23,390,
product backlog,Informational,41,42,0,390,
sharing knowledge,Informational,33,75,0.45,390,
certification in project management,Informational,26,85,5.02,390,
sense making,Informational,33,77,0.11,390,
agilità,Informational,50,35,0,390,
master risorse umane online,Transactional,46,76,7.68,390,
essere zen,Informational,48,49,0.16,390,
master social media manager,Informational,41,78,8.31,390,
agile master,Informational,33,83,3.14,390,
coercitiva,Informational,48,62,0,390,
project management certification,Informational,32,76,5.02,390,
metodo scrum,Informational,41,75,0.96,390,
pensiero sistemico,Informational,24,47,0.19,390,
master ux design,Informational,36,81,3.92,390,
metriche,Informational,37,46,0,390,
certificazione itil,Informational,30,74,1.89,390,
certificazione project manager,Informational,32,71,4.14,390,
curva di rogers,Informational,24,50,0,390,
certification project management,Informational,27,84,5.02,390,
qms system,Informational,28,86,8.63,390,
design management,Informational,40,31,3.98,320,
agile coaching,Commercial,31,59,1.14,320,
organigramma a matrice,Informational,23,77,1.01,320,
strategie corporate,Informational,33,71,2.89,320,
scrum methodologies,Informational,30,83,0.86,320,
sistemico sinonimo,Informational,54,71,0,320,
just in time traduzione,Informational,58,71,0,320,
people and management,Informational,37,81,0,320,
agile coac,Commercial,37,40,1.14,320,
continuous delivery,Informational,33,49,3.72,320,
problem solving esempio pratico,Informational,35,79,0,320,
problem solving esempi pratici,Informational,35,79,0,320,
kanban vs scrum,"Commercial,Informational",50,66,0.64,320,
ruoli aziendali elenco,Informational,25,85,1.94,320,
pmp corso,"Transactional,Informational",28,87,3.88,320,
metodologie agile scrum,Informational,32,83,1.49,320,
stakeholders definizione,Informational,32,81,0,320,
struttura organizzativa funzionale,Informational,24,75,0,320,
sistemiche significato,Informational,28,85,0,320,
incidents management,Informational,30,80,6.58,320,
product marketing,Informational,47,35,0.92,320,
1 2 4 all,Informational,28,84,0,320,
certificazione di project management,Informational,33,75,3.86,320,
scrum methodology,Informational,32,75,0.86,320,
ux research,Informational,41,37,2.96,320,
master cyber security online,Informational,42,77,6.68,320,
agile sprint,Informational,43,75,8.45,320,
sprint agile,Informational,28,80,8.45,320,
cosa fa un project manager,Informational,55,74,0.63,320,
strategie di business,Informational,48,57,0.9,320,
system thinking,Informational,37,76,1.17,320,
matrice general electric,Informational,35,72,0,320,
obiettivi aziendali,Informational,52,29,0.76,320,
design process,Informational,37,39,3.49,320,
comportamento organizzativo,Informational,56,24,0.24,320,
master data analyst,Transactional,27,78,8.89,320,
economie di apprendimento,Informational,56,33,0,320,
qrp,Informational,43,32,0.1,320,
agile coach,Commercial,37,39,1.14,320,
top down bottom up,Informational,47,76,0,260,
quality system management,Informational,26,84,4,260,
approccio top down,Informational,54,74,0,260,
psicologia sistemica,Informational,51,61,0.55,260,
autoapprendimento,Informational,30,50,0,260,
rapid prototype,Informational,30,82,4.38,260,
mappatura stakeholder,Informational,34,75,0,260,
economie di scala significato,Informational,46,76,0,260,
master hr online,Informational,44,74,9.28,260,
problem solving fasi,Informational,51,74,1.22,260,
scrum master significato,"Transactional,Informational",51,75,0.84,260,
economie di scala definizione,Informational,48,73,0,260,
lavori in azienda,"Navigational,Transactional",55,74,0.44,260,
significato di autorevole,Informational,46,78,0,260,
sistemico significato,Informational,57,72,0,260,
quality management system,Informational,26,56,4,260,
sprint plan,Informational,40,44,3.31,260,
sviluppo del prodotto,Informational,41,49,2.08,260,
strategie aziendali,Informational,19,81,1.89,260,
top down significato,Informational,42,79,0,260,
significato lungimirante,Informational,40,79,0,260,
cosa fa il project manager,Informational,56,73,0.69,260,
organizzare studio,Informational,40,78,0.03,260,
brainstorming cos'è,Informational,48,75,0.47,260,
sviluppo prodotti,Informational,30,83,0.26,260,
succession planning,Informational,32,40,1.1,260,
scrum board,Informational,41,47,2.16,260,
sprint planning,Informational,39,48,3.31,260,
come lavoro,Informational,59,71,0.28,260,
struttura organizzativa a matrice,Informational,29,68,0,210,
distruzione creativa,Informational,39,51,0,210,
prodotti marketing,"Transactional,Informational",37,76,6.12,210,
sprint scrum,"Transactional,Informational",42,74,0.55,210,
pmi pmp,Informational,19,90,1.34,210,
approccio top-down,Informational,53,57,0.77,210,
lean manager,Informational,36,44,1.34,210,
forza di attrazione,Informational,47,76,0,210,
organigramma divisionale,Informational,26,80,0,210,
pmp pmi,Informational,17,91,1.34,210,
daily standup meeting,Informational,31,81,0.17,210,
scrum sprint,Informational,37,77,0.55,210,
strategie competitive,Informational,45,53,0,210,
sviluppo di un prodotto,Informational,37,74,0,210,
pmi project management,Informational,14,85,1.89,210,
corsi itil,Transactional,17,84,2.22,210,
corso itil,"Transactional,Informational",19,79,2.22,210,
capitale intellettuale,Informational,35,37,0.04,210,
scrum team,"Transactional,Informational",38,66,1.06,210,
thinking creatively,Informational,31,79,1.45,210,
qualità totale,Informational,43,46,0,210,
scrum rugby,Informational,35,82,0,210,
project management pmi,Informational,27,83,1.89,210,
schumpeter innovazione,Informational,39,81,0,210,
posizionamento di prodotto,Informational,42,78,2.16,210,
sprint in scrum,"Transactional,Informational",31,82,0.55,210,
corso di comunicazione efficace,Informational,23,69,1.2,210,
marketing di prodotto,Informational,55,73,5.57,210,
cos'è il brainstorming,Informational,48,76,0.83,210,
agile kanban,Informational,42,81,1.88,210,
top management,Informational,61,23,0,210,
cos è il coaching,Informational,36,81,0.74,210,
comportamento proattivo,Informational,25,67,0,210,
ecocycle,Commercial,21,54,2.61,210,
scrum framework,"Transactional,Informational",36,77,2.13,210,
organizzazione a matrice,Informational,28,74,0.35,210,
daily standup,Informational,32,65,2.37,210,
pmi project manager,Informational,19,89,1.89,210,
ge matrix,Informational,31,67,0,210,
capacità di ascolto,Informational,34,64,0,210,
metodologia agile scrum,Informational,38,76,1.26,210,
matrice ge,Informational,38,54,0,210,
shu ha ri,Informational,26,82,0,210,
gerarchia aziendale ruoli,Informational,13,91,0,210,
kanban agile,Informational,45,78,1.88,210,
project management esempio pratico pdf,Informational,36,81,0.93,210,
prince2 certificazione,Informational,26,85,2.61,210,
visione sistemica,Informational,20,74,0,210,
responsabile del progetto,Informational,22,86,0,170,
diversificazione conglomerale,Informational,28,69,0,170,
pmo in project management,Informational,35,82,0,170,
renano,Informational,39,36,0,170,
product roadmap,Informational,45,41,2.88,170,
quality management,Informational,47,29,0,170,
team building aziendali,Informational,34,75,2.29,170,
legge di attrazione testimonianze,Informational,43,76,0,170,
brainstorming cos è,Informational,54,73,0,170,
product management master,"Commercial,Informational",50,74,7.15,170,
kai zen,Informational,40,71,0,170,
sprint backlog,Informational,31,47,0,170,
tecniche di brainstorming,Informational,32,54,0.11,170,
product marketing manager,"Transactional,Informational",54,49,2.06,170,
servicedesk,Informational,29,66,5.6,170,
struttura organizzativa divisionale,Informational,20,80,0,170,
early adopter,Informational,58,25,0,170,
cambiamento organizzativo,Informational,43,40,0.06,170,
presentazione slide,Informational,47,76,0.37,170,
agile vs scrum,"Commercial,Informational",49,68,0.34,170,
lavoro con passione,Informational,38,80,0,170,
approccio agile,Informational,46,73,1.21,170,
scrum daily standup,Informational,31,84,5.61,170,
transdisciplinarietà,Informational,35,60,0,170,
cross functional teams,Informational,42,66,0,170,
change agent,Informational,42,34,0,170,
framework scrum,"Transactional,Informational",35,73,2.15,170,
team scrum,Informational,41,76,0.21,170,
obiettivo aziendale,Informational,44,72,0,170,
master social media marketing,Informational,39,78,6.96,170,
certificazione prince2,"Commercial,Informational",24,67,2.51,170,
pmp project manager,Informational,21,88,4.28,140,
coaching cos'è,Informational,43,79,0.59,140,
ansia da lavoro paura di sbagliare,Informational,40,78,0.54,140,
gestione del cambiamento,Informational,39,55,2.27,140,
passione lavoro frasi,Informational,43,78,0,140,
itil v3,Informational,48,55,28.03,140,
influencer cos'è,Informational,44,79,0.67,140,
master in social media marketing,Informational,45,75,11.63,140,
agile pm,"Transactional,Informational",24,83,3.3,140,
agile marketer,Informational,30,81,0.1,140,
startup mvp,Informational,31,86,0.2,140,
business case significato,Informational,38,80,0,140,
certificazioni project management,Informational,33,74,3.94,140,
coaching cos è,Informational,36,81,0.32,140,
mappatura degli stakeholder,Informational,39,68,0,140,
forza attrattiva,Informational,46,69,0,140,
project management pmp,Informational,29,83,4.28,140,
che lavoro fare oggi,Informational,61,72,0.08,140,
raggio d azione,Informational,51,70,0,140,
comunicazione non violenta esempi,Informational,30,82,0.13,140,
analisi di scenario,Informational,29,60,0,140,
project manager pmp,Informational,20,87,4.28,140,
stile zen,"Transactional,Informational",46,37,0.25,140,
corsi di comunicazione efficace,Informational,32,82,1.47,140,
masters in design,Informational,25,85,5.51,140,
risk management in projects,Informational,23,85,2.43,140,
motivazione e apprendimento,Informational,56,58,0.1,140,
project risk management,Informational,33,62,1.27,140,
corso sustainability manager,Informational,36,68,4.76,140,
digital soft skills,Informational,31,65,1.77,140,
product designer,Informational,44,45,1.74,140,
arcipelago italia,Transactional,51,35,0,140,
giochi di comunicazione non verbale,Informational,27,83,0.13,140,
sensazione di insoddisfazione,Informational,44,77,0,140,
scrum metodologia,Informational,47,77,0.79,140,
insoddisfatta,Informational,57,60,0,140,
mvp startup,Informational,32,80,0.2,140,
digital product manager,Informational,45,44,2.26,140,
corso formazione risorse umane,Informational,41,77,4.75,140,
reliability engineering,Informational,50,36,0.14,140,
stipendio product manager,"Transactional,Informational",47,76,1.53,140,
lessons learned,Informational,46,39,0,140,
lean toyota,Informational,30,85,0,140,
struttura matriciale,Informational,16,89,0,140,
toyota lean,Informational,28,86,0,140,
portfolio manager,Informational,54,42,6.94,140,
definizione project management,Informational,40,79,0,140,
esercizi per ritrovare se stessi,Informational,26,85,1.41,140,
sei sigma,Informational,42,75,1.03,140,
autorevolezza esempi,Informational,42,79,0,140,
certificazioni pm,"Commercial,Informational",22,87,4.5,140,
risk management project,Informational,31,82,1.27,140,
metodo top down,Informational,40,80,0,110,
agile scrum master,Transactional,30,73,2.26,110,
pmo project management,Informational,40,79,4.91,110,
professional scrum master,Informational,21,63,1.05,110,
corso scrum master,Transactional,36,74,2.15,110,
capo progetto,Informational,40,63,0,110,
bisogni latenti,Informational,31,75,0,110,
product owner scrum,Informational,26,84,0.81,110,
gioco di collaborazione,Informational,19,87,1.12,110,
master in digital marketing online,Informational,64,65,12.5,110,
kanban scrum,"Commercial,Informational",44,79,2.38,110,
che cos'è il brainstorming,Informational,46,77,0.83,110,
mvp in startup,Informational,33,84,0,110,
rasi chart,Informational,31,80,0,110,
organigramma matriciale,Informational,20,87,0,110,
organizational,Informational,55,32,0,110,
significato efficiente,Informational,51,75,0,110,
vantaggio competitivo definizione,Informational,43,75,0,110,
progettazione agile,Informational,40,80,1.69,110,
struttura multidivisionale,Informational,35,72,0,110,
project manager definizione,Informational,51,73,0.42,110,
output economia,Informational,49,76,0,110,
cosa significa zen,Informational,45,78,0,110,
itil framework,Informational,43,80,3.42,110,
cisa certification,Informational,23,82,1.66,110,
backlog refinement,Informational,35,40,0,110,
agile user story,Informational,32,83,2.4,110,
sistemica significato,Informational,33,82,0,110,
agile user stories,Informational,43,72,2.4,110,
attività di brainstorming,Informational,40,80,0,110,
ruolo aziendale esempi,Informational,12,91,0,110,
digital marketing master online,Transactional,40,78,12.5,110,
professional project management,Informational,20,87,4.84,110,
senso di insoddisfazione,Informational,49,71,0.14,110,
filosofia aziendale,Informational,31,59,0,110,
scrum agile methodology,Informational,33,83,0.89,110,
consulente business,Informational,41,79,2.19,110,
scrum master agile,"Transactional,Informational",29,83,1.7,110,
agile methodologies scrum,Informational,35,82,0.89,110,
certificazioni itil,Informational,21,87,1.56,110,
come funziona la legge di attrazione,Informational,44,73,0.13,110,
services level,Informational,34,81,0,110,
facilitatrice,Informational,18,83,0,110,
project manager professional,Informational,25,83,4.84,110,
project management professional,Informational,29,59,4.84,110,
user story agile,Informational,33,82,2.4,110,
stile di vita zen,Informational,24,87,0,110,
daily meeting,Informational,40,70,0,110,
continuous integration e continuous delivery,Informational,37,74,1.57,110,
lavoro pesante,Informational,55,51,0,110,
behaviour driven development,Informational,33,73,0,110,
master digital marketing milano,Informational,23,80,7.05,110,
user stories,Informational,37,72,0,90,
master marketing digital,Informational,31,82,9.9,90,
matrice bcg marketing,Informational,37,80,0,90,
corsi social media manager milano,Informational,36,77,5.14,90,
scrum master professional,Informational,21,81,1.24,90,
linkedin funziona,Informational,60,58,0,90,
prince2 practitioner,Informational,18,72,1.89,90,
psm i,Informational,27,56,1.35,90,
project management prince2,Informational,27,80,2.29,90,
master in risorse umane online,Transactional,42,77,6.85,90,
persona zen,Informational,47,74,0.7,90,
lean engineering,Informational,48,61,0,90,
distruzione creatrice,Informational,44,39,0,90,
obiettivi operativi,Informational,30,64,0,90,
the job,Informational,46,31,0.52,90,
con passione,Transactional,62,30,0,90,
crescere professionalmente,Informational,34,53,0,90,
manager corporate,Informational,39,80,0,90,
esempi di brainstorming,Informational,49,76,0.27,90,
it services manager,Informational,36,79,0,90,
dating coach,"Commercial,Informational",53,42,0.76,90,
well being manager,Informational,24,86,0,90,
master digital marketing roma,Informational,29,81,8.67,90,
posizionamento del prodotto,Informational,44,63,0.74,90,
master social media,Informational,30,79,7.6,90,
metodo agile scrum,Informational,34,78,1.06,90,
cos'è il coaching,Informational,37,71,1.818167,90,
bdd test,Informational,41,81,0.18,90,
come funziona la legge dell attrazione,Informational,33,82,0,90,
esempio di brainstorming,Informational,41,79,0.27,90,
analisi swot personale,Informational,29,78,0,90,
design thinking fasi,Informational,34,81,4.06,90,
prince2 project management,Informational,31,78,2.29,90,
master cyber security,Transactional,50,65,7.86,90,
massime zen,"Transactional,Informational",54,76,0,90,
piramide bisogni di maslow,Informational,50,73,0,90,
corso ui design,"Transactional,Informational",38,79,3.47,90,
corso project management riconosciuto,Informational,35,80,3.45,90,
certificato itil,Informational,26,81,2.6,90,
agile hr,"Transactional,Informational",24,51,0.38,90,
scrum master cosa fa,Informational,50,74,0.68,90,
corsi di oratoria,"Commercial,Informational",24,77,1.95,90,
engineering manager,Informational,52,32,0.04,90,
mente creativa,Informational,31,55,0,90,
team manager significato,Informational,47,76,0,90,
cosa significa brainstorming,Informational,43,78,0,90,
ciclo di vita del progetto,Informational,42,54,0.04,90,
brainstorming definizione,Informational,44,76,0,90,
meditazione legge di attrazione,Informational,55,71,0,90,
project manager marketing,Informational,51,69,2.75,90,
rendimento di scala,Informational,58,69,0,90,
corso social media manager milano,Informational,38,76,5.14,90,
certificazioni pmp,Informational,19,87,3.65,90,
ux design corso,Informational,37,82,3.1,90,
corsi social media marketing milano,Transactional,47,74,4.74,70,
organigramma matrice,Informational,37,80,0,70,
esercizi sulla comunicazione per adulti,Informational,27,84,0,70,
manager hr,Informational,44,79,1.3,70,
master cybersecurity online,Informational,51,73,8.84,70,
passione nel lavoro,Informational,41,69,0,70,
analisi swot caso aziendale,Informational,45,77,2.22,70,
sicurezza psicologica,Informational,35,45,0,70,
matrice ge mckinsey,Informational,29,75,0,70,
tecnica del brainstorming,Informational,40,79,0.15,70,
come cambiare lavoro a 40 anni,Informational,37,79,0,70,
business aziendale,Informational,63,66,0,70,
agile e scrum,Informational,39,72,1.52,70,
ruolo project manager,Informational,53,75,0.76,70,
design master,Informational,37,82,4.67,70,
corso change management,Transactional,35,65,3.02,70,
porter economia,Informational,39,81,0,70,
sla management,Informational,32,74,0,70,
acquisire consapevolezza,Informational,30,84,0,70,
product backlog significato,Informational,31,83,0,70,
essere insoddisfatti,Informational,48,78,0.3,70,
strategie aziendali esempi,"Commercial,Informational",27,83,1.1,70,
economie di gamma,Informational,44,67,0,70,
product development manager,Informational,46,53,5.27,70,
filosofia sistematica,"Transactional,Informational",53,40,0,70,
organizzazione divisionale,Informational,16,89,0,70,
ironia e maieutica,Informational,33,64,0,70,
lead lag,Informational,48,78,0,70,
responsabile di progetto,Informational,39,69,2.12,70,
industrial manager,"Transactional,Informational",66,46,0,70,
modello tridimensionale di abell,Informational,33,77,0,70,
asa marketing,Informational,36,83,0,70,
scrum events,Informational,34,54,0,70,
project report,Informational,45,49,2.01,70,
schumpeter distruzione creativa,Informational,37,79,0,70,
project management professional pmp,Informational,24,83,6.05,70,
la struttura organizzativa,Informational,35,74,0,70,
cervello creativo,Informational,45,53,0,70,
definizione stakeholder,Informational,49,76,0,70,
certificazioni project manager,Informational,25,83,4.19,70,
modello aziendale,Informational,40,79,0,70,
bu manager,Transactional,65,66,0,70,
business definizione,Informational,54,74,0,70,
corsi social marketing,Informational,43,76,6.56,70,
certificazione togaf,Informational,23,72,1.86,70,
come essere autorevoli,Informational,21,78,0,70,
empowerment aziendale,Informational,29,69,0,70,
daily stand up,Informational,34,83,0.66,70,
miglior master risorse umane,Commercial,48,76,2.82,70,
boston consulting group matrix,Informational,38,81,0,70,
corso social media marketing milano,Transactional,49,73,4.74,70,
scrum safe,Informational,35,83,0,70,
itil service management,Informational,31,83,19.09,70,
senso di appartenenza aziendale,Informational,24,75,0,70,
scrum management,Informational,42,80,1.26,70,
cercare se stessi,Informational,40,74,0.07,70,
corso sulla comunicazione efficace,Informational,23,83,1.01,70,
processo di sviluppo,Informational,52,61,0,70,
posizionamento di un prodotto,Informational,33,81,1.01,70,
obiettivo strategico,"Commercial,Informational",13,84,0,70,
pmi testing,Informational,20,89,1.11,70,
pmo manager,Informational,44,69,2.3,70,
service management itil,Informational,38,80,19.02,70,
metodo top-down,Informational,40,75,0,70,
master risorse umane on line,Informational,36,80,2.15,50,
obiettivi di un'azienda,Informational,40,79,0.47,50,
il project management,Informational,57,62,3.36,50,
struttura organizzativa definizione,Informational,34,79,0,50,
service desk manager,"Transactional,Informational",48,47,20.86,50,
dream jobs,Informational,48,54,0,50,
sigma lean,Informational,40,81,2.63,50,
ui ux design corso,"Transactional,Informational",34,82,2.67,50,
coaching definizione,Informational,27,85,0,50,
struttura organizzativa multidivisionale,Informational,39,74,0,50,
metodologia itil,Informational,35,83,6.78,50,
metodologia scrum agile,Informational,32,83,1.13,50,
tecnica brainstorming,Informational,36,80,0.25,50,
metodo lean toyota,Informational,26,86,0.51,50,
bisogno di sicurezza maslow,Informational,43,79,0,50,
project management certificazione,"Commercial,Informational",37,80,3.59,50,
come fare un analisi swot,Informational,42,80,0.33,50,
corso di formazione hr,Transactional,32,83,5.31,50,
equilibrio zen,Informational,54,47,0.39,50,
autorevoli,Informational,38,68,0,50,
giochi di lavoro,Informational,41,79,0.15,50,
metodologia brainstorming,Informational,36,81,0,50,
social media marketing master,Informational,35,80,6.91,50,
cambiamenti aziendali,Informational,17,89,0,50,
schumpeter teoria,"Transactional,Informational",42,79,0.17,50,
quanto guadagna un product manager,"Transactional,Informational",42,74,2.12,50,
product team,Informational,30,44,0,50,
stakeholder map,Informational,38,38,0,50,
il facilitatore,"Transactional,Informational",49,38,0.19,50,
procrastinatrice significato,Informational,41,78,0,50,
analisi scenario,Informational,30,82,0,50,
cross team,Informational,43,79,0,50,
digital product designer,Informational,38,59,1.64,50,
lungimiranti significato,Informational,35,80,0,50,
cosa fa un coach,Informational,45,64,0.4,50,
matrice porter,Informational,39,80,0,50,
comunicazione faccia a faccia,Informational,44,67,0,50,
scrum daily meeting,Informational,19,88,0.74,50,
cambiamento aziendale,Informational,29,79,0,50,
consigli zen,Informational,40,62,0.07,50,
data analyst hr,Informational,41,80,1.98,50,
leader team,Informational,33,79,0,50,
pace zen,"Transactional,Informational",45,71,0,50,
oratoria deliberativa,Informational,50,75,0,50,
caratteristiche di un gruppo di lavoro,Informational,42,78,0,50,
modello organizzativo funzionale,Informational,37,74,0,50,
gestire il cambiamento,Informational,31,77,0.2,50,
change manager,Informational,51,51,0,50,
obiettivo azienda,Commercial,48,57,0,50,
ascolto efficace,Informational,24,86,0,50,
il management,"Transactional,Informational",60,33,0,50,
pmp vs prince2,Commercial,35,68,2.25,50,
daily scrum meeting,Informational,20,69,0.74,50,
kaizen management,Informational,37,76,0.14,50,
apprendimento efficace,Informational,34,48,0.04,50,
service desk significato,Informational,49,77,4.44,50,
giochi di lavorare,Informational,33,78,0.15,50,
prince2 vs pmp,Commercial,34,78,2.25,50,
struttura organizzativa orizzontale,Informational,28,74,0,50,
economie di scala grafico,Informational,37,78,0,50,
attività di project management,Informational,45,78,2.49,50,
risk information management,Informational,32,81,1.52,50,
significato output,Informational,42,79,0,50,
obiettivi azienda,Informational,49,44,0,50,
agile project,Informational,43,57,3.55,50,
business intelligence master,Transactional,41,77,10.88,50,
cobit framework,Informational,39,80,0,50,
diventare data scientist,Informational,60,52,6.57,50,
prospettiva sistemica,Informational,48,57,0,50,
analisi sistemica,Informational,27,76,0,50,
posizionamento prodotto,Informational,39,78,0,50,
master in web marketing,Informational,32,82,4.88,50,
processi innovativi,Informational,26,61,0.52,50,
modello organizzativo divisionale,Informational,15,88,0,50,
il project manager,Informational,63,59,2.18,50,
lean manager stipendio,Transactional,44,78,0,50,
corso di web marketing e social media,"Transactional,Informational",48,75,7.92,50,
togaf 9,Informational,34,79,0,50,
strumenti di comunicazione interna,Informational,31,67,2.24,40,
certificazioni curriculum,Informational,50,74,0.68,40,
metodo brainstorming,Informational,46,77,0.13,40,
differenza tra scrum e kanban,"Commercial,Informational",42,79,0,40,
deputy project manager,Transactional,58,35,0,40,
business case modello,Informational,52,75,0,40,
storytelling turistico,Informational,46,72,0,40,
il mio lavoro mi fa schifo,Informational,55,68,0,40,
competenze problem solving,Informational,39,81,0,40,
service level management,Informational,41,54,2.84,40,
strategia aziendale esempio,"Commercial,Informational",25,83,5,40,
agile design,Informational,35,83,0,40,
auto consapevolezza,Informational,40,78,0.25,40,
far accadere le cose,"Transactional,Informational",43,55,0,40,
corso ethical hacking,"Transactional,Informational",33,80,3.04,40,
bisogno di stima,Informational,24,86,0,40,
business cases,Informational,49,76,0,40,
acronimo pmo,Informational,31,85,0,40,
come fare un'analisi swot,Informational,43,74,0.15,40,
corso comunicazione efficace milano,Transactional,29,76,2.5,40,
organigramma funzionale aziendale,Informational,33,76,0,40,
ansia da lavoro rimedi,Informational,44,78,0,40,
posizionamento siti roma,Commercial,20,85,0,40,
sviluppo software agile,Informational,47,77,0.78,40,
arte e marketing,Informational,33,79,0,40,
corso pmo,Transactional,34,79,4.07,40,
spirito zen,"Transactional,Informational",32,83,0,40,
pratica zen,Informational,32,79,1.14,40,
vita complicata,Informational,58,54,0,40,
devops ci cd,Informational,42,80,13.81,40,
comportamento professionale,Informational,29,83,0,40,
strategie business,Informational,27,85,0,40,
marketing product specialist,Informational,58,67,4.93,40,
le strategie aziendali,Informational,29,78,0.48,40,
safe agike,Informational,35,83,2.11,40,
progettazione top down,Informational,30,82,0,40,
master in digital marketing roma,Informational,29,81,5.34,40,
approccio sistematico,Informational,28,78,0,40,
corso agile scrum,Informational,28,83,2.44,40,
master marketing part time,Informational,44,75,17.86,40,
corso di personal branding,"Transactional,Informational",45,65,2.89,40,
terapia razionale emotiva esercizi,Informational,25,84,0.11,40,
scrum metodo,Informational,39,82,0.07,40,
arte dell'oratoria,Informational,38,75,0.15,40,
corso itil foundation,Transactional,23,80,2.98,40,
oceano blu marketing,Informational,43,79,0.72,40,
visione sistemica significato,Informational,25,85,0,40,
legge d'attrazione esperienze,Informational,56,72,2.57,40,
piani di successione aziendale,Informational,22,79,1.3,40,
progetti aziendali,Informational,39,71,7.1,40,
change leader,Informational,28,42,0.9,40,
passione e lavoro,Informational,41,79,0.9,40,
metriche di marketing,Informational,41,65,0,40,
analisi swot come si fa,Informational,56,72,0.22,40,
bcg marketing,"Navigational,Informational",27,87,0,40,
comunicazione efficace corso,"Transactional,Informational",32,74,1.66,40,
marketing bcg,"Navigational,Informational",33,84,0,40,
comportamenti organizzativi,Informational,37,55,0,40,
distruzione creatrice schumpeter,Informational,32,81,0,40,
mappatura del flusso di valore,Informational,36,46,0,30,
ruolo organizzativo,Informational,11,82,0,30,
outcome definizione,Informational,37,76,0,30,
il cambiamento organizzativo,Informational,40,63,0,30,
master visual design,Informational,46,75,6.85,30,
analisi pmi,Informational,20,85,0,30,
corso ui ux design,Transactional,38,79,1.473633059367,30,
struttura gerarchica aziendale,Informational,37,81,0,30,
come organizzare una riunione,Informational,45,66,1.75,30,
ciclo di vita progetto,Informational,48,74,0,30,
top leader,Informational,39,75,0,30,
leadership collaborativa,Informational,30,40,0,30,
la teoria dei bisogni di maslow,Informational,50,74,0,30,
giochi comunicazione non verbale,Informational,37,79,0,30,
certificazione devops,Transactional,38,76,2.76,30,
analisi bottom up,Informational,35,82,0,30,
filosofia giapponese kaizen,Informational,46,77,0.13,30,
programme management,Informational,43,67,0,30,
pmi pdu,Informational,12,92,1.55,30,
what is a pmp,Informational,29,81,0.99,30,
esame itil,Transactional,18,81,1.66,30,
gruppo di progetto,Informational,42,74,0,30,
tecnica zen,Informational,31,84,0,30,
esame scrum master,Informational,23,85,1.57,30,
lean operation,Informational,30,75,0,30,
metodologia just in time,Informational,23,87,0,30,
corso itil v4,Transactional,18,89,2.8,30,
pharmaceutical marketing,Informational,34,52,1.47,30,
mvp business,Informational,33,85,0.12,30,
giochi sulla comunicazione efficace,Informational,34,80,0.32,30,
organizzare un meeting,Informational,34,58,0,30,
cose feedback,Informational,42,80,0,30,
professional scrum master i,"Transactional,Informational",21,70,1.29,30,
safeagile,Informational,28,86,0,30,
comunicazione interna strumenti,Informational,31,81,0,30,
teoria di schumpeter,Informational,46,76,0,30,
tdd test,Informational,37,83,0,30,
come organizzare un meeting,Informational,41,64,0,30,
autoformazione significato,Informational,25,84,0,30,
design project manager,Informational,55,68,0.25,30,
corsi per hr,Transactional,32,84,5.14,30,
web design master,Informational,50,76,6.7,30,
come diventare autorevole,Informational,23,86,0,30,
manager project,Informational,67,70,1.13,30,
comunicazione proattiva,Informational,35,73,0,30,
gerarchia ruoli aziendali,Informational,19,87,0,30,
tecniche zen,Informational,32,79,0,30,
adopter,Informational,66,31,0,30,
lean management toyota,Informational,16,90,0,30,
agile stand up meeting,Informational,28,84,0,30,
itil service desk,"Commercial,Informational",26,75,23.56,30,
prince foundation,Informational,17,88,2.97,30,
prince project management,Informational,34,81,1.1,30,
strategie di prodotto,"Transactional,Informational",26,85,0,30,
organizzare un incontro,Informational,37,75,0,30,
scrum and agile,Informational,37,81,1.2,30,
strategie imprenditoriali,Informational,52,63,0.62,30,
test tdd,Informational,36,83,0,30,
asa economia aziendale,Informational,24,87,0,30,
motivazione aziendale,Informational,24,86,0,30,
paura di sbagliare sul lavoro,Informational,44,78,0,30,
modalità organizzative,Informational,44,55,0,30,
certificazione itil costo,Transactional,20,88,1.05,30,
come scegliere il lavoro,Informational,51,76,0.07,30,
corso di social media marketing online,Informational,53,71,5.57,30,
come fare un brainstorming,Informational,35,77,0.46,30,
piattaforme multi sided,Informational,26,86,0,30,
il knowledge management,Informational,47,51,0,30,
le strategie competitive,Informational,51,59,1.13,30,
social marketing corso,Informational,43,78,3.69,30,
strumenti della comunicazione interna,Informational,22,84,0.82,30,
innovazione schumpeter,Informational,44,72,0,30,
immagine personale,Informational,30,61,0,30,
brainstorming tecniche,Informational,45,76,0.4,30,
matrice di mckinsey,Informational,30,83,0,30,
marketing del prodotto,"Transactional,Informational",31,83,1.28,30,
attività pmo,Informational,35,84,0.41,30,
certificazione itil cos'è,Informational,33,82,0.393200998347,20,
voglio cambiare lavoro a 40 anni,Informational,46,76,0,20,
la qualità totale,Informational,43,55,0,20,
micro manager,"Navigational,Informational",37,79,0,20,
legge attrazione testimonianze,Informational,43,77,0,20,
negoziazione aziendale,Informational,30,78,0,20,
corso social media strategy,Informational,54,62,4.88,20,
online marketing master,Informational,38,81,0,20,
tecniche di creatività,Informational,29,69,0.21,20,
master marketing on line,Transactional,43,77,0,20,
definizione vantaggio competitivo,Informational,33,81,0,20,
che cos è la legge di attrazione,Informational,43,79,0,20,
user test,Informational,34,52,0,20,
lean management definizione,Informational,13,89,0,20,
esempio di strategia aziendale,Informational,24,85,0,20,
come acquisire autorevolezza,Informational,22,77,0,20,
formazione project manager,Informational,46,76,2.87,20,
metodologia design thinking,Informational,35,82,0.95,20,
pmi corso project manager,Informational,18,89,3.02,20,
ansia sul lavoro cosa fare,Informational,38,80,0.53,20,
corso social media strategist,"Transactional,Informational",54,70,4.88,20,
framework scrum significato,Informational,31,84,0,20,
agile uat,Informational,26,87,0,20,
cosa fare per cercare lavoro,Informational,50,74,0.17,20,
pmi exams,Informational,5,96,1.72,20,
extreme programming xp,Informational,44,70,0,20,
team composition,Informational,51,37,0,20,
coaching per imprenditori,Informational,23,75,1.07,20,
service desk it,Informational,54,65,10.12,20,
distruzione creatrice di schumpeter,Informational,32,80,0,20,
le strategie,"Transactional,Informational",41,58,0,20,
paradigma sistemico,Informational,36,76,0,20,
ui designer corso,Informational,22,87,1.13,20,
tecniche di comunicazione assertiva,Informational,28,79,0.47,20,
significato coaching,Informational,26,85,0.45,20,
come superare la paura del futuro,Informational,38,80,0,20,
mamma zen,"Transactional,Informational",53,58,0,20,
legge attrazione esercizi,"Transactional,Informational",42,76,0,20,
reskilling upskilling,Informational,46,71,0,20,
service manager significato,Informational,27,84,0,20,
strategia di corporate e di business,Informational,35,81,0,20,
pspo 1,Informational,25,84,1.13,20,
struttura a matrice organigramma,Informational,31,83,0,20,
giochi motivazionali,Informational,26,86,3.29,20,
general service manager,"Transactional,Informational",56,54,0,20,
logica sistemica,Informational,14,88,0,20,
l arte dell oratoria,Informational,41,79,0,20,
vantaggio competitivo significato,Informational,37,78,0,20,
team cross funzionale,Informational,32,73,0,20,
come si fa un brainstorming,Informational,44,78,0.22,20,
meditazione e legge di attrazione,Informational,50,73,0.19,20,
società project management,Informational,17,85,0,20,
definizione di vantaggio competitivo,Informational,38,74,0,20,
bisness model,Informational,59,73,0.2,20,
project management certification pmp,Informational,29,81,7.26,20,
responsabile prodotto,Informational,53,75,1.32,20,
consapevolezza aziendale,Informational,14,89,0,20,
project management pmp certification,Informational,24,85,7.26,20,
pmp project management certification,Informational,30,82,7.26,20,
manager project management,Informational,49,75,4.66,20,
standard itil,Informational,35,83,0,20,
corso social per aziende,"Transactional,Informational",36,80,0,20,
cosa si intende per vantaggio competitivo,Informational,34,81,0,20,
modello kaizen,Informational,31,84,0,20,
come organizzare una riunione di lavoro,Informational,31,70,1.71,20,
cambiamenti organizzativi,Informational,25,74,0,20,
product management definition,Informational,38,79,0,20,
wicked question,Informational,33,47,0,20,
hr agile,"Transactional,Informational",40,72,0.17,20,
tipologie di strutture organizzative,Informational,22,80,0,20,
quality management plan,Informational,25,50,0,20,
facilitatore della comunicazione,Informational,23,81,0,20,
tecnica kaizen,Informational,41,80,0,20,
service mgmt,Informational,14,89,0,20,
esercizi comunicazione efficace,Informational,45,76,0.1,20,
lungimiranza definizione,Informational,33,82,0,20,
master online in risorse umane,Transactional,42,77,5.21,20,
definizione coaching,Informational,31,83,0.45,20,
la teoria dell attrazione,Informational,41,79,0.1,20,
togaf foundation,Informational,23,81,1.24,20,
economia innovazione,Informational,52,72,0,20,
tqm total quality,Informational,35,81,0,20,
service account manager,Informational,75,51,0,20,
metodo kaiser,Informational,33,83,0,20,
dialogo tra generazioni,Informational,34,61,0.18,20,
filosofia lean thinking,Informational,13,91,0.9,20,
modelli di struttura organizzativa,Informational,30,78,0,20,
definizione di autorevolezza,Informational,35,82,0,20,
essere ispirati,Informational,28,86,0,20,
dirigenti aziendali,Informational,34,76,0,20,
itil vs cobit,Commercial,32,79,0,20,
progettazione top-down,Informational,28,68,0,20,
tecnica just in time,Informational,33,83,0,20,
micromanaging,Informational,32,69,0,20,
itil governance,Informational,30,70,0,10,
cobit foundation,Informational,22,75,0,10,
scrum tutorial,Informational,36,81,0.93,10,
portfolio managing,Informational,39,79,0,10,
cosa significa autorevolezza,Informational,43,79,0,10,
hr analytics corso,Informational,33,81,0,10,
attrazione positiva,Informational,44,79,0,10,
sistemico dizionario,Informational,55,72,0,10,
prince ii,Informational,39,80,1.4,10,
change manager cosa fa,Informational,27,85,0,10,
per diventare manager,Informational,58,56,0,10,
services blueprint,Informational,32,81,0,10,
consapevolezza zen,Informational,21,88,0,10,
coach cosa fa,Informational,44,78,0,10,
toyota management system,Informational,40,79,0,10,
come migliorare la leadership,Informational,31,77,0,10,
pmi certified project management professional,Informational,13,89,0,10,
s.c.a.r.f. model,Informational,14,92,0,10,
motivazione in azienda,Informational,35,76,0,10,
quali sono i passaggi fondamentali del change management,Informational,22,87,0,10,
project manager pmi,Informational,25,85,0,10,
cos'è il vantaggio competitivo,Informational,42,77,0,10,
green lean six sigma,Informational,23,85,0,10,
portfolio management definition,Informational,27,82,0,10,
itil based service desk solutions,Informational,16,89,0,10,
cos'è output,Informational,43,79,0,10,
knowledge and management,Informational,43,76,0,10,
corsi pmi milano,Informational,10,92,1.83,10,
business one software,Informational,29,83,0,10,
resistenze al cambiamento,Informational,34,80,0,10,
test pmp,"Transactional,Informational",22,89,5.8,10,
pensamento sistemico,Informational,13,87,0,10,
coaching agile,Informational,40,80,0,10,
diventa manager,Informational,59,66,0,10,
come impiegare il tempo,Informational,33,82,0,10,
come capire che lavoro fare test,Informational,31,83,0,10,
metodologia togaf,Informational,21,88,1.57,10,
coaching cosa significa,Informational,38,80,1.11,10,
corso tecniche di comunicazione efficace,"Transactional,Informational",28,82,0.76,10,
upskilling e reskilling significato,Informational,37,78,0,10,
la figura del project manager,Informational,56,73,2,10,
projects manager,Informational,59,71,0,10,
agile project development,Informational,37,79,0,10,
stakeholders mapping,Informational,27,82,0,10,
people and engagement,Informational,31,82,0,10,
backlog definizione,Informational,29,85,0,10,
matrice bcg exemple,Informational,42,79,0,10,
itil data management,Informational,29,85,0,10,
posizionamento del prodotto sul mercato,Informational,35,80,0,10,
modello itil,Informational,39,81,0,10,
ansia di sbagliare sul lavoro,Informational,42,78,0,10,
gestione cambiamento,Informational,44,76,0,10,
certificazione product manager,Informational,35,82,0,10,
praticare lo zen,Informational,17,78,0,10,
qualifica di project manager,Informational,43,77,3.09,10,
analisi swot personale esempio,Informational,31,83,0,10,
master product manager,"Commercial,Informational",52,73,7.77,10,
root cause analysis cosa è,"Transactional,Informational",37,79,0,10,
management del progetto,Informational,56,73,0,10,
eventi di team building,"Commercial,Informational",22,87,0,10,
filosofia toyota,Informational,36,82,0,10,
msp acronimo,Informational,20,89,0,10,
service management system,Informational,54,73,0,10,
service desk definizione,Informational,55,74,0,10,
master hr part time,Transactional,17,89,0,10,
scrum methods,Informational,30,84,0,10,
itil ticketing,Informational,13,86,0,10,
services management,Informational,32,81,0,10,
reskilling e upskilling significato,Informational,42,76,0,10,
problem solving strategie,Informational,42,77,0,10,
agile auditing,Informational,30,51,0,10,
significato di autorevolezza,Informational,35,82,0,10,
digital hr master,Informational,32,79,0,10,
devops formazione,"Transactional,Informational",32,83,0,10,
team building puglia,Informational,25,84,2.209507,10,
price 2,Informational,35,74,0,10,
corso in risorse umane,Transactional,36,79,0,10,
itil standard,Informational,44,80,0,10,
agile project manager,Informational,44,61,0,10,
legge di attrazione come farla funzionare,Informational,24,83,0,10,
agile coach cosa fa,Informational,34,81,0,10,
delivery manager cosa fa,Informational,34,80,0,10,
appartenenza all'azienda,Informational,29,84,0,10,
scrum & agile,"Commercial,Informational",38,82,0,10,
agile with scrum,Informational,27,86,0,10,
metodologia prince2,Informational,33,83,1.25,10,
marketing gastronomico,Informational,47,66,0,10,
service desk traduzione,Informational,48,76,0,10,
come diventare product manager,Informational,44,72,0,10,
significato autorevolezza,Informational,30,84,0,10,
progetti csr,Informational,22,84,0,10,
management quality,Informational,37,80,0,10,
l'oratoria di cicerone,Informational,51,71,0.04,10,
agile kpis,Informational,31,85,10.18,10,
project management formazione,Informational,39,77,4.03,10,
management of knowledge,Informational,56,74,0,10,
stakeholder maps,Informational,38,80,0,10,
master in hrm,Informational,34,82,0,10,
pmi-rmp,Informational,16,73,0,10,
pensiero sistemico definizione,Informational,16,87,0,10,
oratoria cursos,Informational,29,85,0,10,
pmp management,Informational,26,86,0,10,
procedure itil,Informational,24,87,0,10,
manager change,Informational,42,79,0,10,
documentazione progetto,Informational,62,69,0,10,
il personal branding,Informational,52,64,0.44,10,
dei management,"Transactional,Informational",46,73,0,10,
oratoria arte,Informational,49,76,0,10,
eventi networking,Informational,38,79,0,10,
certificazioni agile scrum,Informational,19,87,0,10,
esempi di strategie aziendali,"Commercial,Informational",31,81,0.45,10,
analisi del personale,Informational,42,73,0,10,
certificazioni utili per curriculum,Informational,34,79,0,10,
metodologia pmbok,Informational,16,91,0,10,
lungimiranza dizionario,Informational,51,74,0,10,
upskill e reskill,Informational,37,80,0,10,
itil help desk software,Informational,25,85,0,10,
posizionamento seo pordenone,Informational,18,83,0,10,
case business,Informational,54,75,0,10,
agile journey,Informational,22,78,0,10,
scrum metodologia agile,Informational,44,78,0,10,
agile scrum metodologia,Informational,37,81,0,10,
agile software development method,Informational,46,74,0,10,
mapping stakeholders,Informational,32,82,0,10,
atteggiamento mentale vincente,"Transactional,Informational",37,66,0,10,
come crescere professionalmente,Informational,35,75,0,10,
appartenenza aziendale,Informational,29,70,0,10,
vuca e bani,Informational,33,75,0,10,
digital marketing masters,Informational,27,84,6.09,10,
strategia di corporate,Informational,42,67,0,10,
cosa fa il coach,Informational,44,78,0,10,
oratoria curso,Informational,45,78,0,10,
analisi dello scenario,Informational,31,62,0,10,
master part time marketing,Informational,38,78,0,10,
certificazione itil v3,Informational,23,86,2.55,10,
project management delle opere strutturali e infrastrutturali,Informational,39,57,1.78,10,
project managers,Informational,59,70,0,10,
giochi di team building per adulti,Informational,35,80,1.16,10,
a lesson learned,Informational,62,55,0,10,
tecniche di facilitazione,Informational,14,65,0,10,
agile scrum model,Informational,31,83,0,10,
delivery manager significato,Informational,26,84,0,10,
estructura organica,Informational,20,86,0,10,
b2b models,Informational,29,81,0,10,
master part time hr,Transactional,21,88,0,10,
attrazione legge universale,Informational,28,85,0,10,
pratica lean,Informational,25,87,0.24,10,
traduzione lag,Informational,66,69,0,10,
abilità di leadership,Informational,41,75,0,10,
corso per hr,Transactional,27,86,0,10,
metriche social media,Informational,31,78,0,0,
esempi di strategia aziendale,Informational,27,79,0,0,
simulazioni esame pmp,Transactional,30,84,0,0,
giochi aziendali di gruppo,Informational,26,86,0,0,
simulazione pmp,"Transactional,Informational",30,80,0,0,
analisi comunicazione,Transactional,21,84,0,0,
comunicazione efficace e gestione dei conflitti,Informational,28,71,0,0,
crescita professionale significato,Informational,35,80,0,0,
coinvolgimento degli stakeholder,Informational,25,64,0,0,
percorsi per competenze relazionali e trasversali,Informational,25,85,0,0,
esercizi soft skills,Informational,17,90,0,0,
posizionamento motori di ricerca Ferrara,Informational,16,88,0,0,
master benessere organizzativo,Informational,28,81,0,0,
simulazione test pmp,Transactional,28,85,0,0,
fasi di gestione del cambiamento,Informational,44,77,0,0,
corso project management certificato,Informational,35,80,0,0,
iniziative csr,Informational,34,84,0,0,
marketing il prodotto,"Transactional,Informational",41,78,0,0,
innovazione modello di business,Informational,44,75,0,0,
corso benessere aziendale,"Transactional,Informational",21,81,0,0,
livello corporate,Informational,28,81,0,0,
come migliorare le soft skills,Informational,27,85,0,0,