Dominio,Keyword,Volume ricerca,Pos.,"Traffico
Stimato",URL,Intent,Keyword Difficulty,Keyword Opportunity
www.youtube.com,progect manager,14800,5,740,https://www.youtube.com/watch?v=_K6npARw2bY,Informational,53,73
www.youtube.com,mvp,14800,4,813,https://www.youtube.com/watch?v=CbHszcYCHrA,Informational,30,60
www.youtube.com,teamwork building,14800,7,435,https://www.youtube.com/watch?v=w1GmxM9CG7g,Informational,36,76
www.youtube.com,project manager,14800,10,292,https://www.youtube.com/watch?v=_K6npARw2bY,Informational,65,28
www.youtube.com,projectmanager,12100,4,664,https://www.youtube.com/c/ProjectManager,Informational,47,61
it.linkedin.com,change of manager,12100,9,304,https://it.linkedin.com/jobs/change-manager-offerte-di-lavoro,Informational,47,76
www.reddit.com,change of manager,12100,2,1898,https://www.reddit.com/r/auscorp/comments/1i1sck0/hey_guys_honestly_what_does_a_change_manager_do/,Informational,47,76
it.linkedin.com,talent garden,12100,4,664,https://it.linkedin.com/school/talent-garden-spa/,Informational,47,30
www.facebook.com,talent garden,12100,2,1898,https://www.facebook.com/talentgardenitaly/?locale=it_IT,Informational,47,30
www.instagram.com,talent garden,12100,6,477,https://www.instagram.com/talentgarden_italy/,Informational,47,30
www.facebook.com,cisa,9900,6,390,https://www.facebook.com/CISA.serrature/,Informational,39,45
www.youtube.com,proattività,9900,6,390,https://www.youtube.com/watch?v=wpnexGGU0IU,Informational,48,40
it.linkedin.com,data scientist,8100,5,405,https://it.linkedin.com/jobs/data-scientist-offerte-di-lavoro,Informational,61,31
www.youtube.com,project management,8100,10,160,https://www.youtube.com/watch?v=_K6npARw2bY,Informational,50,37
www.youtube.com,struttura,6600,4,362,https://www.youtube.com/watch?v=ksUAYlZiOQo,"Transactional,Informational",52,41
www.instagram.com,talent torino,5400,1,2455,https://www.instagram.com/talentclubloungebar/,Commercial,54,74
www.instagram.com,talentt,5400,7,159,https://www.instagram.com/talentt.huntt/,Informational,40,52
www.instagram.com,musixmatch,5400,3,545,https://www.instagram.com/musixmatch/,Informational,62,23
it.linkedin.com,bdd,5400,7,159,https://it.linkedin.com/pulse/quando-applicare-il-bdd-per-trasformare-lo-sviluppo-del-brajnik-3od6f,Informational,36,57
www.instagram.com,musixmatch,5400,10,106,https://www.instagram.com/reel/DZXvhMrNMCR/,Informational,62,23
www.facebook.com,musixmatch,5400,6,213,https://www.facebook.com/musixmatch/?locale=it_IT,Informational,62,23
it.linkedin.com,talent torino,5400,8,146,https://it.linkedin.com/company/talentcafe',Commercial,54,74
x.com,musixmatch,5400,9,136,https://x.com/Musixmatch,Informational,62,23
www.facebook.com,talent torino,5400,3,545,https://www.facebook.com/p/Talent-Cafe-Lounge-Bar-100081142555295/?locale=it_IT,Commercial,54,74
www.youtube.com,output,5400,8,146,https://www.youtube.com/shorts/pTrVx7LO6Bs,"Transactional,Informational",56,28
www.youtube.com,ascolto attivo,4400,10,87,https://www.youtube.com/watch?v=w7oR9mye1S4,Informational,45,36
it.linkedin.com,human resorses,4400,10,87,https://it.linkedin.com/jobs/human-resources-offerte-di-lavoro,Informational,38,80
it.linkedin.com,product manager,3600,3,363,https://it.linkedin.com/jobs/product-manager-offerte-di-lavoro,Informational,63,25
www.youtube.com,agile software manifesto,3600,9,90,https://www.youtube.com/watch?v=QygAVNyRu58&vl=it,Informational,42,78
www.youtube.com,agile development manifesto,3600,6,142,https://www.youtube.com/watch?v=QygAVNyRu58&vl=it,Informational,35,81
www.youtube.com,economie di scala,2900,6,114,https://www.youtube.com/watch?v=NrbFtJrnz0E,Informational,56,35
it.linkedin.com,analyse root cause,2900,9,73,https://it.linkedin.com/pulse/cos%C3%A8-e-cosa-serve-la-root-cause-analysis-metodi-mes-p3n6f,Informational,37,82
it.linkedin.com,talent garden milano,2400,7,71,https://it.linkedin.com/school/talent-garden-spa/,"Navigational,Transactional",43,67
it.quora.com,prioritizzazione,2400,2,377,https://it.quora.com/In-italiano-%C3%A8-pi%C3%B9-corretto-dire-prioritizzazione-prioritazione-o-sono-entrambe-sbagliati,Informational,26,68
www.facebook.com,talent garden milano,2400,5,120,https://www.facebook.com/talentgardenmilanocalabiana/?locale=it_IT,"Navigational,Transactional",43,67
it.linkedin.com,marketing manager,2400,10,47,https://it.linkedin.com/jobs/marketing-manager-offerte-di-lavoro,Informational,50,34
www.reddit.com,mvp means,2400,2,377,https://www.reddit.com/r/startups/comments/1cigjji/what_defines_an_mvp/,Informational,49,78
www.facebook.com,cpo,2400,10,47,https://www.facebook.com/cposicilia/,Informational,23,67
www.linkedin.com,mvp means,2400,6,95,https://www.linkedin.com/pulse/what-mvp-why-important-guy-remond,Informational,49,78
www.reddit.com,throughput,2400,2,377,https://www.reddit.com/r/networking/comments/7g4kvm/what_exactly_is_throughput/?tl=it,Informational,47,34
www.youtube.com,mvp means,2400,9,60,https://www.youtube.com/watch?v=8pAJx5htu5Q,Informational,49,78
www.facebook.com,cowork roma,1900,5,95,https://www.facebook.com/wirecoworking/,Informational,26,84
www.youtube.com,matrice raci,1900,7,56,https://www.youtube.com/watch?v=NS-0yYRuyzE,Informational,45,42
www.facebook.com,stakeholders significato,1900,8,51,https://www.facebook.com/GruppoCDP/videos/-che-cosa-significa-la-parola-stakeholder-chi-sono-e-perch%C3%A9-sono-cos%C3%AC-importanti/1340791273401469/,Informational,42,77
www.youtube.com,bug fixing,1900,9,48,https://www.youtube.com/watch?v=w9AdnxIu9Y0,Informational,45,38
www.youtube.com,contingency,1900,7,56,https://www.youtube.com/watch?v=vBTPdqFicpE,Informational,59,26
it.linkedin.com,autorevolezza significato,1900,6,75,https://it.linkedin.com/pulse/il-linguaggio-dellautorevolezza-luca-andrea-talamonti-ptzye,Informational,30,83
www.youtube.com,growth hacker,1600,8,43,https://www.youtube.com/watch?v=cDRrJnocf88,Informational,50,45
it.linkedin.com,growth hacker,1600,6,63,https://it.linkedin.com/jobs/growth-hacker-offerte-di-lavoro,Informational,50,45
www.youtube.com,coaching significato,1600,6,63,https://www.youtube.com/watch?v=zcksopNT45Y,Informational,36,81
www.facebook.com,lungimiranza,1600,10,32,https://www.facebook.com/100044513436168/posts/avete-mai-sentito-lespressione-essere-lungimirante-questa-parola-nasconde-un-seg/1001794964647609/,Informational,38,45
www.reddit.com,pmo significato,1600,3,161,https://www.reddit.com/r/TikTok/comments/1gzipzl/what_does_pmo_mean/?tl=it,Informational,34,83
www.youtube.com,insoddisfatti,1600,5,80,https://www.youtube.com/watch?v=G4-qQC2LRUs,Informational,44,74
www.reddit.com,fast thinking,1600,7,47,https://www.reddit.com/r/books/comments/i4buna/not_really_getting_thinking_fast_and_slow_by/?tl=it,Informational,44,79
www.youtube.com,growth hacking,1600,10,32,https://www.youtube.com/watch?v=gliNNM834Ro,Informational,56,36
it.linkedin.com,vuca,1600,10,32,https://it.linkedin.com/pulse/vuca-limportanza-di-comprendere-un-mondo-continua-nel-merella-86wuc,Informational,51,32
it.linkedin.com,micromanagement,1300,7,38,https://it.linkedin.com/pulse/il-problema-del-micromanagement-francesco-benini-keouf,Informational,47,29
www.reddit.com,micromanagement,1300,2,204,https://www.reddit.com/r/ItaliaCareerAdvice/comments/1fb3705/micromanagement_come_lo_avete_superato/,Informational,47,29
www.youtube.com,legge attrazione,1300,6,51,https://www.youtube.com/watch?v=j-scxSu0ztU,Informational,48,76
www.youtube.com,scala di maslow,1300,10,26,https://www.youtube.com/watch?v=S8V1L_cQjCo,Informational,46,77
it.linkedin.com,service design,1300,7,38,https://it.linkedin.com/jobs/service-design-offerte-di-lavoro,Informational,57,25
www.facebook.com,cism,1300,5,65,https://www.facebook.com/CISMComitatoItalianoScienzeMotorie/?locale=it_IT,Informational,30,43
www.youtube.com,economie di scopo,1000,7,29,https://www.youtube.com/watch?v=jc9n__ClltQ,Informational,52,31
www.reddit.com,product owner,1000,9,25,https://www.reddit.com/r/agile/comments/1gvhd74/whats_the_point_of_the_product_owner_role/,Informational,47,30
it.linkedin.com,product owner,1000,6,39,https://it.linkedin.com/jobs/product-owner-offerte-di-lavoro,Informational,47,30
www.youtube.com,roadmap,880,10,17,https://www.youtube.com/theroadmap,Informational,60,32
it.quora.com,empatia esempi,880,2,138,https://it.quora.com/Chi-mi-fa-un-esempio-di-empatia-vissuta-in-prima-persona,Informational,28,84
www.youtube.com,minimun viable product,880,6,35,https://www.youtube.com/watch?v=yoyngfWqJcU,Informational,35,79
it.linkedin.com,portfolio management,880,10,17,https://it.linkedin.com/jobs/portfolio-manager-offerte-di-lavoro,Informational,34,44
it.linkedin.com,change manag,880,6,35,https://it.linkedin.com/jobs/change-manager-offerte-di-lavoro,Informational,57,32
www.youtube.com,data scientist stipendio,880,10,17,https://www.youtube.com/shorts/nzdUC2pXdjk,"Transactional,Informational",50,75
www.pinterest.com,together drawings,880,9,22,https://www.pinterest.com/pin/two-best-friends-together-drawing--1029354058591624250/,Informational,42,72
it.linkedin.com,change management manager,880,9,22,https://it.linkedin.com/jobs/change-management-offerte-di-lavoro,Informational,38,78
www.reddit.com,data scientist stipendio,880,7,26,https://www.reddit.com/r/datasciencebr/comments/1rp73ds/sal%C3%A1rios_de_cientista_de_dados/?tl=it,"Transactional,Informational",50,75
www.pinterest.com,together drawings,880,8,24,https://www.pinterest.com/ideas/friends-together-drawings/936671720356/,Informational,42,72
www.reddit.com,user story,880,3,89,https://www.reddit.com/r/scrum/comments/13gjmed/how_do_you_decide_what_is_a_user_story_and_what/?tl=it,Informational,46,37
www.pinterest.com,together drawings,880,2,138,https://www.pinterest.com/ideas/together-drawing/961533062459/,Informational,42,72
www.instagram.com,senso di appartenenza,880,10,17,https://www.instagram.com/p/DYtlaJIiigf/,Informational,45,40
www.youtube.com,strategia oceano blu,720,9,18,https://www.youtube.com/watch?v=aaNE_Z47qfM,Informational,61,28
www.youtube.com,backlog significato,720,9,18,https://www.youtube.com/watch?v=UuRs_X2oiMM,Informational,42,79
www.youtube.com,continuous integration,720,9,18,https://www.youtube.com/watch?v=0GCBhM2jltU,Informational,57,39
www.facebook.com,talent garden roma,720,6,28,https://www.facebook.com/TalentGardenOstiense/?locale=it_IT,Commercial,40,67
www.reddit.com,prince2,720,2,113,https://www.reddit.com/r/projectmanagement/comments/1gya5q9/honest_opinions_of_prince2/?tl=it,Informational,37,36
www.instagram.com,tag innovation school,720,4,40,https://www.instagram.com/talentgarden_italy/,Informational,30,70
www.facebook.com,via calabiana 6 milano,720,7,21,https://www.facebook.com/talentgardenmilanocalabiana/?locale=it_IT,Informational,38,79
www.facebook.com,filosofia zen,720,4,40,https://www.facebook.com/filosofiazenpaginaufficiale/?locale=it_IT,"Transactional,Informational",47,55
www.youtube.com,approccio sistemico,720,6,28,https://www.youtube.com/watch?v=ZpIvI5Tz6dw,Informational,44,54
www.youtube.com,filosofia zen,720,6,28,https://www.youtube.com/watch?v=ibFmsiVAI24,"Transactional,Informational",47,55
it.quora.com,cambiare lavoro a 40 anni,590,4,32,https://it.quora.com/In-Italia-si-%C3%A8-VECCHI-per-cambiare-lavoro-a-40-anni,Informational,51,55
www.reddit.com,spazi coworking milano,590,7,17,https://www.reddit.com/r/milano/comments/1rckqsc/migliori_spazi_gratuiti_di_coworking_a_milano/,Commercial,41,78
www.reddit.com,manager stipendio,590,8,16,https://www.reddit.com/r/ItaliaCareerAdvice/comments/10qql2b/manager_it_secondo_voi_quale_dovrebbe_essere_lo/,"Transactional,Informational",48,77
www.youtube.com,cambiare lavoro a 40 anni,590,9,15,https://www.youtube.com/watch?v=NbqDVgxDNqo,Informational,51,55
www.reddit.com,bottom up e top down,590,7,17,https://www.reddit.com/r/psychologystudents/comments/k9tr8d/can_someone_please_explain_the_top_down_and/?tl=it,Informational,55,74
www.reddit.com,cambiare lavoro a 40 anni,590,3,60,https://www.reddit.com/r/careerguidance/comments/1kucts5/how_to_switch_careers_at_40_yo/?tl=it,Informational,51,55
it.linkedin.com,ux writer,590,1,268,https://it.linkedin.com/jobs/ux-writer-offerte-di-lavoro,Informational,26,64
it.linkedin.com,product developer,590,1,268,https://it.linkedin.com/jobs/product-developer-offerte-di-lavoro,Informational,60,35
www.youtube.com,contingency planning,590,9,15,https://www.youtube.com/watch?v=9ASt3o1PoTg,Informational,48,42
it.quora.com,sistemico,590,9,15,https://it.quora.com/Qual-%C3%A8-la-differenza-fra-sistemico-e-sistematico,Informational,44,48
www.linkedin.com,infosec,590,10,12,https://www.linkedin.com/company/infosec-institute,Informational,45,37
www.facebook.com,reengineering,590,5,30,https://www.facebook.com/ReengineeringItConsulting/,Informational,47,39
www.reddit.com,product manager stipendio,590,3,60,https://www.reddit.com/r/ItaliaCareerAdvice/comments/1fw2x6w/stipendio_da_productmanagerproductowner/,"Transactional,Informational",46,76
www.youtube.com,oceani blu,590,9,15,https://www.youtube.com/watch?v=exnn7qx9AV4,"Transactional,Informational",46,77
www.facebook.com,via arcivescovo calabiana 6,480,7,14,https://www.facebook.com/talentgardenmilanocalabiana/?locale=it_IT,Informational,38,73
www.facebook.com,marianella sclavi,480,9,12,https://www.facebook.com/1503428022/,"Commercial,Informational",38,50
www.quora.com,test development driven,480,8,13,https://www.quora.com/How-do-automated-testing-and-test-driven-development-contribute-to-the-overall-quality-of-software-products,Informational,32,82
www.reddit.com,competitivo,480,4,26,https://www.reddit.com/r/stunfisk/comments/zm8gq1/what_does_competitive_or_uncompetitive_actually/?tl=it,Informational,55,28
www.youtube.com,extreme programming,480,9,12,https://www.youtube.com/watch?v=rmNEsn02ifk,Informational,46,33
it.linkedin.com,delivery management,480,7,14,https://it.linkedin.com/jobs/delivery-manager-offerte-di-lavoro,Informational,29,64
www.instagram.com,calabiana milano,480,5,24,https://www.instagram.com/tavernacalabiana_milano/,Commercial,46,71
www.facebook.com,world cafe,480,9,12,https://www.facebook.com/scuolachepromuovesalute/videos/come-condurre-un-world-caf%C3%A9/166458940948942/?locale=it_IT,Informational,22,75
www.reddit.com,prince two,480,5,24,https://www.reddit.com/r/projectmanagement/comments/1gya5q9/honest_opinions_of_prince2/?tl=it,Informational,25,86
it.linkedin.com,workshop social media,480,8,13,https://it.linkedin.com/learning/topics/social-media-marketing,Informational,40,65
www.instagram.com,coworking genova,480,8,13,https://www.instagram.com/urbam_genova/,Transactional,32,67
www.youtube.com,che cosa fa,480,1,218,https://www.youtube.com/watch?v=4C-LI6lZifA,Informational,56,65
www.youtube.com,prince two,480,4,26,https://www.youtube.com/watch?v=tv1fPqrfO50,Informational,25,86
it.linkedin.com,itil 4,480,10,9,https://it.linkedin.com/pulse/guida-completa-allo-schema-e-alle-certificazioni-hxzff,Transactional,36,69
www.youtube.com,analisi swot esempio,480,10,9,https://www.youtube.com/watch?v=oWjXZxso5mQ,Informational,43,77
www.instagram.com,coworking genova,480,2,75,https://www.instagram.com/reel/DTNVCpCDHMg/,Transactional,32,67
www.reddit.com,delivery manager,480,5,24,https://www.reddit.com/r/agile/comments/j64lxt/delivery_manager_role_a_recent_thing_what_is/?tl=it,Informational,44,42
www.reddit.com,enterprise architect,480,10,9,https://www.reddit.com/r/ItaliaCareerAdvice/comments/16a8k0t/enterprise_architect_dove_lavorate_e_cosa_fate/,Informational,44,29
www.reddit.com,test driven development,480,4,26,https://www.reddit.com/r/csharp/comments/18gzxfe/is_test_driven_development_tdd_really_worth_it/?tl=it,Informational,40,48
www.youtube.com,economia di scopo,480,8,13,https://www.youtube.com/watch?v=jc9n__ClltQ,Informational,40,77
www.youtube.com,oratoria significato,480,7,14,https://www.youtube.com/watch?v=00tIdNc0ClU,Informational,40,75
it.linkedin.com,delivery manager,480,3,48,https://it.linkedin.com/jobs/delivery-manager-offerte-di-lavoro,Informational,44,42
it.linkedin.com,enterprise architect,480,9,12,https://it.linkedin.com/pulse/il-ruolo-di-un-enterprise-architect-francesco-garavaglia,Informational,44,29
www.youtube.com,ars oratoria,480,10,9,https://www.youtube.com/watch?v=hOyDUXnLQNw,"Transactional,Informational",54,50
www.youtube.com,competitivo,480,7,14,https://www.youtube.com/watch?v=2nVQdGVu6_U,Informational,55,28
www.reddit.com,devops significato,480,6,19,https://www.reddit.com/r/devops/comments/1f7b1ix/what_is_devops_really/?tl=it,"Transactional,Informational",45,79
it.linkedin.com,sales account management,390,3,39,https://it.linkedin.com/jobs/sales-account-manager-offerte-di-lavoro,"Transactional,Informational",45,76
it.linkedin.com,lean product,390,2,61,https://it.linkedin.com/company/leanproducts-srl,Commercial,40,43
www.youtube.com,corso comunicazione efficace,390,6,15,https://www.youtube.com/watch?v=tvMQG5iKmBU,Informational,25,78
www.reddit.com,shift left,390,9,10,https://www.reddit.com/r/programming/comments/183ap5x/shift_leftwtf_does_it_mean/,Informational,41,48
www.reddit.com,coworking space milano,390,4,21,https://www.reddit.com/r/milano/comments/1rckqsc/migliori_spazi_gratuiti_di_coworking_a_milano/,Commercial,31,82
www.youtube.com,okrs cosa sono,390,10,8,https://www.youtube.com/watch?v=pkPVEjOuqDw,Informational,39,81
it.linkedin.com,share knowledge,390,8,11,https://it.linkedin.com/company/knowledge-share-where-innovation-happens,Informational,37,71
www.youtube.com,project office management,390,9,10,https://www.youtube.com/watch?v=fm3Yl6Nj-xo,Informational,35,81
www.reddit.com,project management certified,390,10,8,https://www.reddit.com/r/scrum/comments/197v86y/what_project_management_certs_are_actually_widely/,Informational,30,81
www.youtube.com,corsi comunicazione efficace,390,7,11,https://www.youtube.com/watch?v=tvMQG5iKmBU,"Transactional,Informational",41,77
www.reddit.com,master ux design,390,3,39,https://www.reddit.com/r/UX_Design/comments/1ierwal/is_a_ma_in_ux_design_worth_it/?tl=it,Informational,36,81
www.reddit.com,sigma 6,390,2,61,https://www.reddit.com/r/pinkfloyd/comments/xlmwv2/the_sigma_6_clive_metcalfe_sheila_noble_keith/?tl=it,Informational,40,72
www.reddit.com,job to be done,390,8,11,https://www.reddit.com/r/ProductManagement/comments/18z51jy/jobs_to_be_done_framework_outdated/?tl=it,Informational,42,70
www.youtube.com,feedback positivi esempi,390,4,21,https://www.youtube.com/watch?v=n_2OKS2nvPM,Informational,26,85
it.linkedin.com,certificazione itil,390,9,10,https://it.linkedin.com/pulse/guida-completa-allo-schema-e-alle-certificazioni-hxzff,Informational,30,74
www.reddit.com,diseconomie di scala,390,5,20,https://www.reddit.com/r/explainlikeimfive/comments/k5a3fg/eli5_what_is_diseconomies_of_scale/?tl=it,Informational,49,52
www.youtube.com,project manager significato,390,8,11,https://www.youtube.com/watch?v=T_pcD3BFJ68,Informational,53,73
it.linkedin.com,project management officer,390,6,15,https://it.linkedin.com/jobs/project-management-officer-offerte-di-lavoro,Informational,33,47
www.youtube.com,agile master,390,9,10,https://www.youtube.com/watch?v=VK4zegj1tD8,Informational,33,83
www.facebook.com,qrp,320,5,16,https://www.facebook.com/groups/379027128903831/,Informational,43,32
it.pinterest.com,pensiero zen,320,6,13,https://it.pinterest.com/aipe07/pensieri-zen/,Informational,41,80
it.linkedin.com,consulenza human resource,320,4,18,https://it.linkedin.com/jobs/consulente-hr-offerte-di-lavoro,Informational,24,86
it.linkedin.com,strategie corporate,320,7,9,https://it.linkedin.com/pulse/la-strategia-corporate-andrea-peschiuta,Informational,33,71
www.youtube.com,esercizi per gestire le emozioni,320,6,13,https://www.youtube.com/watch?v=0OA0V7r83Mc,Informational,16,87
it.linkedin.com,product market fit,320,5,16,https://it.linkedin.com/pulse/product-market-fit-perch%C3%A9-%C3%A8-cos%C3%AC-importante-per-validare-ciaglia,Informational,59,53
www.reddit.com,stipendio data scientist,320,6,13,https://www.reddit.com/r/datasciencebr/comments/1rp73ds/sal%C3%A1rios_de_cientista_de_dados/?tl=it,"Transactional,Informational",50,75
www.reddit.com,ascolto passivo,320,10,6,https://www.reddit.com/r/italianlearning/comments/1cx8mhg/is_passive_listening_actually_useful_or_is_it/?tl=it,Informational,30,70
it.linkedin.com,ux research,320,3,32,https://it.linkedin.com/jobs/ux-research-offerte-di-lavoro,Informational,41,37
www.instagram.com,co working genova,320,10,6,https://www.instagram.com/urbam_genova/,Transactional,32,81
www.facebook.com,pensiero zen,320,9,8,https://www.facebook.com/groups/pensierodelgiornofrasiimmagini/?locale=it_IT,Informational,41,80
it.linkedin.com,product marketing,320,3,32,https://it.linkedin.com/jobs/product-marketing-manager-offerte-di-lavoro,Informational,47,35
it.linkedin.com,tag milano,320,3,32,https://it.linkedin.com/company/tagmartech,Informational,43,70
www.reddit.com,analytics hr,320,10,6,https://www.reddit.com/r/humanresources/comments/1i0tfsx/which_hr_analytics_course_helped_you_land_your/?tl=it,Informational,47,76
it.linkedin.com,strategia corporate,320,8,9,https://it.linkedin.com/pulse/la-strategia-corporate-andrea-peschiuta,Informational,29,72
www.facebook.com,calabiana,320,8,9,https://www.facebook.com/TavernaCalabianaMilano/?locale=it_IT,Commercial,55,28
it.linkedin.com,manager technical,320,2,50,https://it.linkedin.com/jobs/technical-manager-offerte-di-lavoro-bologna,Informational,37,82
www.instagram.com,co working genova,320,2,50,https://www.instagram.com/reel/DTNVCpCDHMg/,Transactional,32,81
www.reddit.com,scrum vs kanban,320,3,32,https://www.reddit.com/r/projectmanagement/comments/q8mp8m/kanban_vs_scrum/,Commercial,45,69
www.reddit.com,product marketing,320,5,16,https://www.reddit.com/r/ProductMarketing/comments/1k0fmn5/what_does_the_average_product_marketing_manager_do/?tl=it,Informational,47,35
www.reddit.com,poker planning,320,7,9,https://www.reddit.com/r/webdev/comments/1336462/i_built_a_free_planning_poker_app_for_agile_teams/,Informational,28,86
www.reddit.com,cigno nero significato,320,5,16,https://www.reddit.com/r/TrueFilm/comments/77r97k/i_finally_watched_black_swan_heres_my_theory_on/?tl=it,Informational,47,77
www.youtube.com,feedback positivo esempi,320,6,13,https://www.youtube.com/watch?v=n_2OKS2nvPM,Informational,26,85
it.linkedin.com,social media marketing corso,320,9,8,https://it.linkedin.com/learning/topics/social-media-marketing,"Transactional,Informational",50,74
www.instagram.com,calabiana,320,2,50,https://www.instagram.com/tavernacalabiana_milano/,Commercial,55,28
www.reddit.com,scrum master certificazione,320,2,50,https://www.reddit.com/r/scrum/comments/14t8q1z/best_scrum_certification_to_get/?tl=it,Informational,29,83
www.reddit.com,team leader significato,320,7,9,https://www.reddit.com/r/AusPublicService/comments/1lvxxs5/what_do_team_leaders_do_exactly_is_it_stressful/?tl=it,Informational,43,78
it.quora.com,arte oratoria,320,9,8,https://it.quora.com/Come-posso-migliorare-la-mia-oratoria-Chi-mi-consigli-di-leggere-cosa-studiare-dove-cercarlo,Informational,45,54
www.reddit.com,kanban vs scrum,320,8,9,https://www.reddit.com/r/agile/comments/1sgm5fx/kanban_vs_scrum_which_one_actually_survives/?tl=it,"Commercial,Informational",50,66
www.reddit.com,marketing a product,320,9,8,https://www.reddit.com/r/marketing/comments/vwx5nx/what_exactly_is_product_marketing_and_how_do_you/,Informational,43,79
www.reddit.com,products marketing,320,8,9,https://www.reddit.com/r/ProductMarketing/comments/1ntl0b6/learning_what_works_in_product_marketing/?tl=it,Informational,36,80
www.youtube.com,problem solving esempio pratico,320,8,9,https://www.youtube.com/watch?v=i7wOPdpgfV4,Informational,35,79
www.reddit.com,product market fit,320,9,8,https://www.reddit.com/r/startups/comments/1rjk3i8/is_the_concept_productmarket_fit_overrated_i_will/?tl=it,Informational,59,53
www.reddit.com,giochi di comunicazione,320,5,16,https://www.reddit.com/r/rpg/comments/1kk9afo/workplace_communication_games/?tl=it,Informational,32,64
www.reddit.com,ux research,320,1,145,https://www.reddit.com/r/UXResearch/comments/1f4d2da/what_exactly_is_uxresearch/?tl=it,Informational,41,37
www.reddit.com,problem solving skill,320,4,18,https://www.reddit.com/r/dataanalysis/comments/vxv1or/what_are_problemsolving_skills/,Informational,56,66
www.reddit.com,marketing product,320,4,18,https://www.reddit.com/r/ProductMarketing/comments/1ntl0b6/learning_what_works_in_product_marketing/?tl=it,Informational,42,79
www.reddit.com,kanban vs scrum,320,3,32,https://www.reddit.com/r/projectmanagement/comments/q8mp8m/kanban_vs_scrum/,"Commercial,Informational",50,66
www.youtube.com,qrp,320,6,13,https://www.youtube.com/channel/UCUfQFguuWfNa-czNHlbv8KA,Informational,43,32
www.youtube.com,pensiero zen,320,5,16,https://www.youtube.com/watch?v=dW_P8vOgmwM,Informational,41,80
it.linkedin.com,it project managers,320,1,145,https://it.linkedin.com/jobs/it-project-manager-offerte-di-lavoro,Informational,40,79
www.youtube.com,strategie di business,320,5,16,https://www.youtube.com/watch?v=4U9mgHDYzWc,Informational,48,57
it.linkedin.com,consulenti hr,320,6,13,https://it.linkedin.com/jobs/consulente-hr-offerte-di-lavoro,Informational,26,86
www.youtube.com,product market fit,320,8,9,https://www.youtube.com/watch?v=LWxNNo3Xkmk,Informational,59,53
www.youtube.com,stipendio data scientist,320,10,6,https://www.youtube.com/shorts/nzdUC2pXdjk,"Transactional,Informational",50,75
www.youtube.com,economie di apprendimento,320,7,9,https://www.youtube.com/watch?v=RKp1IK86ttg,Informational,56,33
www.youtube.com,scrum methodology,320,10,6,https://www.youtube.com/watch?v=B7VucspZA68,Informational,32,75
,,,,,Numero risultati:194